INSERT INTO public."role" ("name",created_at,updated_at,deleted_at) VALUES
	('USER','2024-02-28 14:36:43.322499+07','2024-02-28 14:36:43.322499+07',NULL),
	('WH_ADMIN','2024-02-28 14:36:43.322499+07','2024-02-28 14:36:43.322499+07',NULL),
	('SUPER_ADMIN','2024-02-28 14:36:43.322499+07','2024-02-28 14:36:43.322499+07',NULL),
	('SYSTEM','2024-02-28 14:36:43.322499+07','2024-02-28 14:36:43.322499+07',NULL);
	
INSERT INTO public."user" (email, user_name, "password", image_url, is_verified, verification_token, token_expiry, created_at, updated_at, deleted_at) VALUES
    ('admin@admin.com','admin','$2a$10$dlVVAX2bBVLjpVgxO5RNqOLs/j1wRNbjTUWtzdMoRq133R2d4NwxG',NULL,true,NULL,NULL,'2024-02-28 14:36:43.322499+07','2024-02-28 14:36:43.322499+07',NULL),	
	('system@localhost','system','system',NULL,true,NULL,NULL,'2024-02-28 14:36:43.322499+07','2024-02-28 14:36:43.322499+07',NULL),	
	('suprapto@admin.com','Suprapto','$2a$10$t.nVQZQPVWYCvXibpJxnoOIlxeZjKVPVzgPFTVgV0AxXE1YZF09q6',NULL,true,NULL,NULL,'2024-02-28 14:57:16.786043+07','2024-02-28 14:57:16.786043+07',NULL),
	('cahyadi@admin.com','Cahyadi','$2a$10$t.nVQZQPVWYCvXibpJxnoOIlxeZjKVPVzgPFTVgV0AxXE1YZF09q6',NULL,true,NULL,NULL,'2024-02-28 14:56:41.804087+07','2024-02-28 14:56:41.804087+07',NULL),
	('john.doe@admin.com', 'John Doe', '$2a$10$t.nVQZQPVWYCvXibpJxnoOIlxeZjKVPVzgPFTVgV0AxXE1YZF09q6', NULL, true, NULL, NULL, '2024-02-28 14:36:43.322499+07', '2024-02-28 14:36:43.322499+07', NULL),
    ('jane.smith@admin.com', 'Jane Smith', '$2a$10$t.nVQZQPVWYCvXibpJxnoOIlxeZjKVPVzgPFTVgV0AxXE1YZF09q6', NULL, true, NULL, NULL, '2024-02-28 14:37:10.122499+07', '2024-02-28 14:37:10.122499+07', NULL),
    ('robert.johnson@admin.com', 'Robert Johnson', '$2a$10$t.nVQZQPVWYCvXibpJxnoOIlxeZjKVPVzgPFTVgV0AxXE1YZF09q6', NULL, true, NULL, NULL, '2024-02-28 14:38:15.222499+07', '2024-02-28 14:38:15.222499+07', NULL),
	('michael@admin.com', 'Michael Anderson', '$2a$10$t.nVQZQPVWYCvXibpJxnoOIlxeZjKVPVzgPFTVgV0AxXE1YZF09q6', NULL, true, NULL, NULL, '2024-02-28 15:30:05+07', '2024-02-28 15:30:05+07', NULL),
    ('elizabeth@admin.com', 'Elizabeth Carter', '$2a$10$t.nVQZQPVWYCvXibpJxnoOIlxeZjKVPVzgPFTVgV0AxXE1YZF09q6', NULL, true, NULL, NULL, '2024-02-28 15:31:14+07', '2024-02-28 15:31:14+07', NULL),
    ('david@admin.com', 'David Martinez', '$2a$10$t.nVQZQPVWYCvXibpJxnoOIlxeZjKVPVzgPFTVgV0AxXE1YZF09q6', NULL, true, NULL, NULL, '2024-02-28 15:32:30+07', '2024-02-28 15:32:30+07', NULL),
    ('olivia@admin.com', 'Olivia Thompson', '$2a$10$t.nVQZQPVWYCvXibpJxnoOIlxeZjKVPVzgPFTVgV0AxXE1YZF09q6', NULL, true, NULL, NULL, '2024-02-28 15:33:18+07', '2024-02-28 15:33:18+07', NULL),
    ('william.clark@admin.com', 'William Clark', '$2a$10$t.nVQZQPVWYCvXibpJxnoOIlxeZjKVPVzgPFTVgV0AxXE1YZF09q6', NULL, true, NULL, NULL, '2024-02-28 15:34:05+07', '2024-02-28 15:34:05+07', NULL),
    ('ava@admin.com', 'Ava Lewis', '$2a$10$t.nVQZQPVWYCvXibpJxnoOIlxeZjKVPVzgPFTVgV0AxXE1YZF09q6', NULL, true, NULL, NULL, '2024-02-28 15:35:12+07', '2024-02-28 15:35:12+07', NULL),
    ('james@admin.com', 'James Walker', '$2a$10$t.nVQZQPVWYCvXibpJxnoOIlxeZjKVPVzgPFTVgV0AxXE1YZF09q6', NULL, true, NULL, NULL, '2024-02-28 15:36:20+07', '2024-02-28 15:36:20+07', NULL),
    ('charlotte.young@admin.com', 'Charlotte Young', '$2a$10$t.nVQZQPVWYCvXibpJxnoOIlxeZjKVPVzgPFTVgV0AxXE1YZF09q6', NULL, true, NULL, NULL, '2024-02-28 15:37:30+07', '2024-02-28 15:37:30+07', NULL),
    ('benjamin@admin.com', 'Benjamin Hall', '$2a$10$t.nVQZQPVWYCvXibpJxnoOIlxeZjKVPVzgPFTVgV0AxXE1YZF09q6', NULL, true, NULL, NULL, '2024-02-28 15:38:40+07', '2024-02-28 15:38:40+07', NULL),
    ('mia.allen@admin.com', 'Mia Allen', '$2a$10$t.nVQZQPVWYCvXibpJxnoOIlxeZjKVPVzgPFTVgV0AxXE1YZF09q6', NULL, true, NULL, NULL, '2024-02-28 15:39:50+07', '2024-02-28 15:39:50+07', NULL),
    ('daniel.n@admin.com', 'Daniel Scott', '$2a$10$t.nVQZQPVWYCvXibpJxnoOIlxeZjKVPVzgPFTVgV0AxXE1YZF09q6', NULL, true, NULL, NULL, '2024-02-28 15:40:30+07', '2024-02-28 15:40:30+07', NULL),
    ('sophia@admin.com', 'Sophia Baker', '$2a$10$t.nVQZQPVWYCvXibpJxnoOIlxeZjKVPVzgPFTVgV0AxXE1YZF09q6', NULL, true, NULL, NULL, '2024-02-28 15:41:10+07', '2024-02-28 15:41:10+07', NULL),
    ('henry@admin.com', 'Henry Nelson', '$2a$10$t.nVQZQPVWYCvXibpJxnoOIlxeZjKVPVzgPFTVgV0AxXE1YZF09q6', NULL, true, NULL, NULL, '2024-02-28 15:42:20+07', '2024-02-28 15:42:20+07', NULL),
    ('isabella@admin.com', 'Isabella Perez', '$2a$10$t.nVQZQPVWYCvXibpJxnoOIlxeZjKVPVzgPFTVgV0AxXE1YZF09q6', NULL, true, NULL, NULL, '2024-02-28 15:43:15+07', '2024-02-28 15:43:15+07', NULL),
    ('jackson@admin.com', 'Jackson Roberts', '$2a$10$t.nVQZQPVWYCvXibpJxnoOIlxeZjKVPVzgPFTVgV0AxXE1YZF09q6', NULL, true, NULL, NULL, '2024-02-28 15:44:05+07', '2024-02-28 15:44:05+07', NULL),
    ('amelia@admin.com', 'Amelia Turner', '$2a$10$t.nVQZQPVWYCvXibpJxnoOIlxeZjKVPVzgPFTVgV0AxXE1YZF09q6', NULL, true, NULL, NULL, '2024-02-28 15:45:00+07', '2024-02-28 15:45:00+07', NULL),
    ('sebastian@admin.com', 'Sebastian Collins', '$2a$10$t.nVQZQPVWYCvXibpJxnoOIlxeZjKVPVzgPFTVgV0AxXE1YZF09q6', NULL, true, NULL, NULL, '2024-02-28 15:46:10+07', '2024-02-28 15:46:10+07', NULL),
    ('harper@admin.com', 'Harper Adams', '$2a$10$t.nVQZQPVWYCvXibpJxnoOIlxeZjKVPVzgPFTVgV0AxXE1YZF09q6', NULL, true, NULL, NULL, '2024-02-28 15:47:20+07', '2024-02-28 15:47:20+07', NULL),
    ('theodore@admin.com', 'Theodore White', '$2a$10$t.nVQZQPVWYCvXibpJxnoOIlxeZjKVPVzgPFTVgV0AxXE1YZF09q6', NULL, true, NULL, NULL, '2024-02-28 15:48:30+07', '2024-02-28 15:48:30+07', NULL),
    ('evelyn@admin.com', 'Evelyn Harris', '$2a$10$t.nVQZQPVWYCvXibpJxnoOIlxeZjKVPVzgPFTVgV0AxXE1YZF09q6', NULL, true, NULL, NULL, '2024-02-28 15:49:40+07', '2024-02-28 15:49:40+07', NULL),
	('benjamin.lore@admin.com', 'Benjamin Lore', '$2a$10$t.nVQZQPVWYCvXibpJxnoOIlxeZjKVPVzgPFTVgV0AxXE1YZF09q6', NULL, true, NULL, NULL, '2024-02-28 15:50:30+07', '2024-02-28 15:50:30+07', NULL),
    ('ava.mitchell@admin.com', 'Ava Mitchell', '$2a$10$t.nVQZQPVWYCvXibpJxnoOIlxeZjKVPVzgPFTVgV0AxXE1YZF09q6', NULL, true, NULL, NULL, '2024-02-28 15:51:20+07', '2024-02-28 15:51:20+07', NULL),
    ('lucas@admin.com', 'Lucas Ramirez', '$2a$10$t.nVQZQPVWYCvXibpJxnoOIlxeZjKVPVzgPFTVgV0AxXE1YZF09q6', NULL, true, NULL, NULL, '2024-02-28 15:52:10+07', '2024-02-28 15:52:10+07', NULL),
    ('mia@admin.com', 'Mia Foster', '$2a$10$t.nVQZQPVWYCvXibpJxnoOIlxeZjKVPVzgPFTVgV0AxXE1YZF09q6', NULL, true, NULL, NULL, '2024-02-28 15:53:00+07', '2024-02-28 15:53:00+07', NULL),
    ('william@admin.com', 'William Torres', '$2a$10$t.nVQZQPVWYCvXibpJxnoOIlxeZjKVPVzgPFTVgV0AxXE1YZF09q6', NULL, true, NULL, NULL, '2024-02-28 15:54:10+07', '2024-02-28 15:54:10+07', NULL),
    ('charlotte@admin.com', 'Charlotte Reyes', '$2a$10$t.nVQZQPVWYCvXibpJxnoOIlxeZjKVPVzgPFTVgV0AxXE1YZF09q6', NULL, true, NULL, NULL, '2024-02-28 15:55:20+07', '2024-02-28 15:55:20+07', NULL),

	('noah@user.com', 'Noah Anderson', '$2a$10$HIWcETHmP3PXUTsoUtC2o.n6PrvonU0AEq0xH/mRiLFYqasf7pPfi', NULL, true, NULL, NULL, '2024-02-28 15:10:12+07', '2024-02-28 15:10:12+07', NULL),
    ('lucas.w@user.com', 'Lucas Wright', '$2a$10$HIWcETHmP3PXUTsoUtC2o.n6PrvonU0AEq0xH/mRiLFYqasf7pPfi', NULL, true, NULL, NULL, '2024-02-28 15:11:32+07', '2024-02-28 15:11:32+07', NULL),
    ('mason@user.com', 'Mason Bennett', '$2a$10$HIWcETHmP3PXUTsoUtC2o.n6PrvonU0AEq0qH/mRiLFYqasf7pPfi', NULL, true, NULL, NULL, '2024-02-28 15:12:45+07', '2024-02-28 15:12:45+07', NULL),
    ('elijah@user.com', 'Elijah Carter', '$2a$10$HIWcETHmP3PXUTsoUtC2o.n6PrvonU0AEq0qH/mRiLFYqasf7pPfi', NULL, true, NULL, NULL, '2024-02-28 15:13:54+07', '2024-02-28 15:13:54+07', NULL),
    ('grace@user.com', 'Grace Mitchell', '$2a$10$HIWcETHmP3PXUTsoUtC2o.n6PrvonU0AEq0qH/mRiLFYqasf7pPfi', NULL, true, NULL, NULL, '2024-02-28 15:14:23+07', '2024-02-28 15:14:23+07', NULL),
    ('scarlett@user.com', 'Scarlett Turner', '$2a$10$HIWcETHmP3PXUTsoUtC2o.n6PrvonU0AEq0qH/mRiLFYqasf7pPfi', NULL, true, NULL, NULL, '2024-02-28 15:15:11+07', '2024-02-28 15:15:11+07', NULL),
    ('zoe@user.com', 'Zoe Campbell', '$2a$10$HIWcETHmP3PXUTsoUtC2o.n6PrvonU0AEq0qH/mRiLFYqasf7pPfi', NULL, true, NULL, NULL, '2024-02-28 15:16:30+07', '2024-02-28 15:16:30+07', NULL),
    ('ryan@user.com', 'Ryan Murphy', '$2a$10$HIWcETHmP3PXUTsoUtC2o.n6PrvonU0AEq0qH/mRiLFYqasf7pPfi', NULL, true, NULL, NULL, '2024-02-28 15:17:42+07', '2024-02-28 15:17:42+07', NULL),
    ('daniel.nelson@user.com', 'Daniel Nelson', '$2a$10$HIWcETHmP3PXUTsoUtC2o.n6PrvonU0AEq0qH/mRiLFYqasf7pPfi', NULL, true, NULL, NULL, '2024-02-28 15:18:55+07', '2024-02-28 15:18:55+07', NULL),
    ('victoria@user.com', 'Victoria Adams', '$2a$10$HIWcETHmP3PXUTsoUtC2o.n6PrvonU0AEq0qH/mRiLFYqasf7pPfi', NULL, true, NULL, NULL, '2024-02-28 15:19:38+07', '2024-02-28 15:19:38+07', NULL),
    ('alex@user.com', 'Alex Perry', '$2a$10$HIWcETHmP3PXUTsoUtC2o.n6PrvonU0AEq0qH/mRiLFYqasf7pPfi', NULL, true, NULL, NULL, '2024-02-28 15:20:10+07', '2024-02-28 15:20:10+07', NULL),
	('emily.ward@user.com', 'Emily Ward', '$2a$10$HIWcETHmP3PXUTsoUtC2o.n6PrvonU0AEq0xH/mRiLFYqasf7pPfi', NULL, true, NULL, NULL, '2024-02-28 14:39:01.966491+07', '2024-02-28 14:39:01.966491+07', NULL),
    ('david.patterson@user.com', 'David Patterson', '$2a$10$HIWcETHmP3PXUTsoUtC2o.n6PrvonU0AEq0xH/mRiLFYqasf7pPfi', NULL, true, NULL, NULL, '2024-02-28 14:40:12.976491+07', '2024-02-28 14:40:12.976491+07', NULL),
    ('susan.taylor@user.com', 'Susan Taylor', '$2a$10$HIWcETHmP3PXUTsoUtC2o.n6PrvonU0AEq0xH/mRiLFYqasf7pPfi', NULL, true, NULL, NULL, '2024-02-28 14:41:23.986491+07', '2024-02-28 14:41:23.986491+07', NULL),
	('emma@user.com', 'Emma Sullivan', '$2a$10$HIWcETHmP3PXUTsoUtC2o.n6PrvonU0AEq0qH/mRiLFYqasf7pPfi', NULL, true, NULL, NULL, '2024-02-28 15:21:05+07', '2024-02-28 15:21:05+07', NULL),
    ('liam@user.com', 'Liam Peterson', '$2a$10$HIWcETHmP3PXUTsoUtC2o.n6PrvonU0AEq0qH/mRiLFYqasf7pPfi', NULL, true, NULL, NULL, '2024-02-28 15:22:14+07', '2024-02-28 15:22:14+07', NULL),
    ('sophia@user.com', 'Sophia Rodriguez', '$2a$10$HIWcETHmP3PXUTsoUtC2o.n6PrvonU0AEq0qH/mRiLFYqasf7pPfi', NULL, true, NULL, NULL, '2024-02-28 15:23:30+07', '2024-02-28 15:23:30+07', NULL),
    ('jackson@user.com', 'Jackson Brooks', '$2a$10$HIWcETHmP3PXUTsoUtC2o.n6PrvonU0AEq0qH/mRiLFYqasf7pPfi', NULL, true, NULL, NULL, '2024-02-28 15:24:18+07', '2024-02-28 15:24:18+07', NULL),
    ('amelia@user.com', 'Amelia Hayes', '$2a$10$HIWcETHmP3PXUTsoUtC2o.n6PrvonU0AEq0qH/mRiLFYqasf7pPfi', NULL, true, NULL, NULL, '2024-02-28 15:25:05+07', '2024-02-28 15:25:05+07', NULL),
    ('ethan@user.com', 'Ethan James', '$2a$10$HIWcETHmP3PXUTsoUtC2o.n6PrvonU0AEq0qH/mRiLFYqasf7pPfi', NULL, true, NULL, NULL, '2024-02-28 15:26:12+07', '2024-02-28 15:26:12+07', NULL),
    ('madison@user.com', 'Madison Foster', '$2a$10$HIWcETHmP3PXUTsoUtC2o.n6PrvonU0AEq0qH/mRiLFYqasf7pPfi', NULL, true, NULL, NULL, '2024-02-28 15:27:20+07', '2024-02-28 15:27:20+07', NULL);

INSERT INTO public.user_roles (user_id,role_id,created_at,updated_at,deleted_at) VALUES
	 (1,3,'2024-02-28 14:36:43.322499+07','2024-02-28 14:36:43.322499+07',NULL),
	 (2,4,'2024-02-28 14:36:43.322499+07','2024-02-28 14:36:43.322499+07',NULL),
	 (3,2,'2024-02-28 14:56:41.801516+07','2024-02-28 14:56:41.801516+07',NULL),
	 (4,2,'2024-02-28 14:57:16.786087+07','2024-02-28 14:57:16.786087+07',NULL),
	 (5,2,'2024-02-28 14:58:00.000000+07','2024-02-28 14:58:00.000000+07',NULL),
	 (6,2,'2024-02-28 14:58:30.000000+07','2024-02-28 14:58:30.000000+07',NULL),
	 (7,2,'2024-02-28 14:59:00.000000+07','2024-02-28 14:59:00.000000+07',NULL),
	 (8,2,'2024-02-28 14:59:30.000000+07','2024-02-28 14:59:30.000000+07',NULL),
	 (9,2,'2024-02-28 15:00:00.000000+07','2024-02-28 15:00:00.000000+07',NULL),
	 (10,2,'2024-02-28 15:00:30.000000+07','2024-02-28 15:00:30.000000+07',NULL),
	 (11,2,'2024-02-28 15:01:00.000000+07','2024-02-28 15:01:00.000000+07',NULL),
	 (12,2,'2024-02-28 15:01:30.000000+07','2024-02-28 15:01:30.000000+07',NULL),
	 (13,2,'2024-02-28 15:02:00.000000+07','2024-02-28 15:02:00.000000+07',NULL),
	 (14,2,'2024-02-28 15:02:30.000000+07','2024-02-28 15:02:30.000000+07',NULL),
	 (15,2,'2024-02-28 15:03:00.000000+07','2024-02-28 15:03:00.000000+07',NULL),
	 (16,2,'2024-02-28 15:03:30.000000+07','2024-02-28 15:03:30.000000+07',NULL),
	 (17,2,'2024-02-28 15:04:00.000000+07','2024-02-28 15:04:00.000000+07',NULL),
	 (18,2,'2024-02-28 15:04:30.000000+07','2024-02-28 15:04:30.000000+07',NULL),
	 (19,2,'2024-02-28 15:05:00.000000+07','2024-02-28 15:05:00.000000+07',NULL),
	 (20,2,'2024-02-28 15:05:30.000000+07','2024-02-28 15:05:30.000000+07',NULL),
	 (21,2,'2024-02-28 15:06:00.000000+07','2024-02-28 15:06:00.000000+07',NULL),
	 (22,2,'2024-02-28 15:06:30.000000+07','2024-02-28 15:06:30.000000+07',NULL),
	 (23,2,'2024-02-28 15:07:00.000000+07','2024-02-28 15:07:00.000000+07',NULL),
	 (24,2,'2024-02-28 15:07:30.000000+07','2024-02-28 15:07:30.000000+07',NULL),
	 (25,2,'2024-02-28 15:08:00.000000+07','2024-02-28 15:08:00.000000+07',NULL),
	 (26,2,'2024-02-28 15:08:30.000000+07','2024-02-28 15:08:30.000000+07',NULL),
	 (27,2,'2024-02-28 15:09:00.000000+07','2024-02-28 15:09:00.000000+07',NULL),
	 (28,2,'2024-02-28 15:09:30.000000+07','2024-02-28 15:09:30.000000+07',NULL),
	 (29,2,'2024-02-28 15:10:00.000000+07','2024-02-28 15:10:00.000000+07',NULL),
	 (30,2,'2024-02-28 15:10:30.000000+07','2024-02-28 15:10:30.000000+07',NULL),
	 (31,2,'2024-02-28 15:11:00.000000+07','2024-02-28 15:11:00.000000+07',NULL),
	 (32,2,'2024-02-28 15:11:30.000000+07','2024-02-28 15:11:30.000000+07',NULL),
	 (33,2,'2024-02-28 15:12:00.000000+07','2024-02-28 15:12:00.000000+07',NULL),
	 (34,1,'2024-02-28 14:39:56.730189+07','2024-02-28 14:39:56.730189+07',NULL),
	 (35,1,'2024-02-28 14:40:30.000000+07','2024-02-28 14:40:30.000000+07',NULL),
	 (36,1,'2024-02-28 14:41:00.000000+07','2024-02-28 14:41:00.000000+07',NULL),
	 (37,1,'2024-02-28 14:41:30.000000+07','2024-02-28 14:41:30.000000+07',NULL),
	 (38,1,'2024-02-28 14:42:00.000000+07','2024-02-28 14:42:00.000000+07',NULL),
	 (39,1,'2024-02-28 14:42:30.000000+07','2024-02-28 14:42:30.000000+07',NULL),
	 (40,1,'2024-02-28 14:43:00.000000+07','2024-02-28 14:43:00.000000+07',NULL),
	 (41,1,'2024-02-28 14:43:30.000000+07','2024-02-28 14:43:30.000000+07',NULL),
	 (42,1,'2024-02-28 14:44:00.000000+07','2024-02-28 14:44:00.000000+07',NULL),
	 (43,1,'2024-02-28 14:44:30.000000+07','2024-02-28 14:44:30.000000+07',NULL),
	 (44,1,'2024-02-28 14:45:00.000000+07','2024-02-28 14:45:00.000000+07',NULL),
	 (45,1,'2024-02-28 14:45:30.000000+07','2024-02-28 14:45:30.000000+07',NULL),
	 (46,1,'2024-02-28 14:46:00.000000+07','2024-02-28 14:46:00.000000+07',NULL),
	 (47,1,'2024-02-28 14:46:30.000000+07','2024-02-28 14:46:30.000000+07',NULL),
	 (48,1,'2024-02-28 14:47:00.000000+07','2024-02-28 14:47:00.000000+07',NULL),
	 (49,1,'2024-02-28 14:47:30.000000+07','2024-02-28 14:47:30.000000+07',NULL),
	 (50,1,'2024-02-28 14:48:00.000000+07','2024-02-28 14:48:00.000000+07',NULL),
	 (51,1,'2024-02-28 14:48:30.000000+07','2024-02-28 14:48:30.000000+07',NULL),
	 (52,1,'2024-02-28 14:49:00.000000+07','2024-02-28 14:49:00.000000+07',NULL),
	 (53,1,'2024-02-28 14:49:30.000000+07','2024-02-28 14:49:30.000000+07',NULL),
	 (54,1,'2024-02-28 14:50:00.000000+07','2024-02-28 14:50:00.000000+07',NULL);
	 
INSERT INTO public.user_address (user_id,contact_name,contact_number,area_id,province,city,district,postal_code,address,latitude,longitude,is_default,created_at,updated_at,deleted_at) VALUES
	 (34,'Home','89700000333','IDNP3IDNC445IDND5624IDZ15111','Banten','Tangerang','Tangerang','15111','No. 034',-6.198672870508821,106.61538434015739,true,'2024-02-28 14:40:54.106415+07','2024-02-28 15:07:42.259372+07',NULL),
	 (35,'Office','89700000334','IDNP3IDNC445IDND5625IDZ15112','Banten','Tangerang','Cipondoh','15112','No. 035',-6.189702,106.628945,true,'2024-02-28 14:41:10.000000+07','2024-02-28 15:08:00.000000+07',NULL),
	 (36,'Home','89700000335','IDNP3IDNC446IDND5626IDZ15113','Jakarta','Jakarta Barat','Kembangan','15113','No. 036',-6.176911,106.729849,true,'2024-02-28 14:41:30.000000+07','2024-02-28 15:08:30.000000+07',NULL),
	 (37,'Warehouse','89700000336','IDNP3IDNC447IDND5627IDZ15114','Jakarta','Jakarta Timur','Duren Sawit','15114','No. 037',-6.226375,106.917500,true,'2024-02-28 14:42:00.000000+07','2024-02-28 15:09:00.000000+07',NULL),
	 (38,'Apartment','89700000337','IDNP3IDNC448IDND5628IDZ15115','Jakarta','Jakarta Selatan','Pancoran','15115','No. 038',-6.239750,106.832880,true,'2024-02-28 14:42:30.000000+07','2024-02-28 15:09:30.000000+07',NULL),
	 (39,'Home','89700000338','IDNP3IDNC449IDND5629IDZ15116','West Java','Bekasi','Bekasi Selatan','15116','No. 039',-6.238400,106.992612,true,'2024-02-28 14:43:00.000000+07','2024-02-28 15:10:00.000000+07',NULL),
	 (40,'Office','89700000339','IDNP3IDNC450IDND5630IDZ15117','West Java','Depok','Beji','15117','No. 040',-6.368364,106.824467,true,'2024-02-28 14:43:30.000000+07','2024-02-28 15:10:30.000000+07',NULL),
	 (41,'Warehouse','89700000340','IDNP3IDNC451IDND5631IDZ15118','West Java','Bogor','Cibinong','15118','No. 041',-6.488671,106.836971,true,'2024-02-28 14:44:00.000000+07','2024-02-28 15:11:00.000000+07',NULL),
	 (42,'Home','89700000341','IDNP3IDNC452IDND5632IDZ15119','Central Java','Semarang','Tembalang','15119','No. 042',-6.990306,110.425320,true,'2024-02-28 14:44:30.000000+07','2024-02-28 15:11:30.000000+07',NULL),
	 (43,'Apartment','89700000342','IDNP3IDNC453IDND5633IDZ15120','Central Java','Surakarta','Banjarsari','15120','No. 043',-7.561290,110.819170,true,'2024-02-28 14:45:00.000000+07','2024-02-28 15:12:00.000000+07',NULL),
	 (44,'Warehouse','89700000343','IDNP3IDNC454IDND5634IDZ15121','Yogyakarta','Sleman','Depok','15121','No. 044',-7.775675,110.374847,true,'2024-02-28 14:45:30.000000+07','2024-02-28 15:12:30.000000+07',NULL),
	 (45,'Office','89700000344','IDNP3IDNC455IDND5635IDZ15122','East Java','Surabaya','Sukolilo','15122','No. 045',-7.290948,112.727194,true,'2024-02-28 14:46:00.000000+07','2024-02-28 15:13:00.000000+07',NULL),
	 (46,'Home','89700000345','IDNP3IDNC456IDND5636IDZ15123','East Java','Malang','Lowokwaru','15123','No. 046',-7.954121,112.613716,true,'2024-02-28 14:46:30.000000+07','2024-02-28 15:13:30.000000+07',NULL),
	 (47,'Apartment','89700000346','IDNP3IDNC457IDND5637IDZ15124','Bali','Denpasar','Denpasar Selatan','15124','No. 047',-8.677822,115.224110,true,'2024-02-28 14:47:00.000000+07','2024-02-28 15:14:00.000000+07',NULL),
	 (48,'Warehouse','89700000347','IDNP3IDNC458IDND5638IDZ15125','Bali','Badung','Kuta','15125','No. 048',-8.732538,115.176056,true,'2024-02-28 14:47:30.000000+07','2024-02-28 15:14:30.000000+07',NULL),
	 (49,'Home','89700000348','IDNP3IDNC459IDND5639IDZ15126','North Sumatra','Medan','Medan Baru','15126','No. 049',3.583333,98.667222,true,'2024-02-28 14:48:00.000000+07','2024-02-28 15:15:00.000000+07',NULL),
	 (50,'Office','89700000349','IDNP3IDNC460IDND5640IDZ15127','North Sumatra','Binjai','Binjai Utara','15127','No. 050',3.603888,98.485833,true,'2024-02-28 14:48:30.000000+07','2024-02-28 15:15:30.000000+07',NULL),
	 (51,'Warehouse','89700000350','IDNP3IDNC461IDND5641IDZ15128','Riau','Pekanbaru','Marpoyan Damai','15128','No. 051',0.507068,101.438309,true,'2024-02-28 14:49:00.000000+07','2024-02-28 15:16:00.000000+07',NULL),
	 (52,'Home','89700000351','IDNP3IDNC462IDND5642IDZ15129','South Sulawesi','Makassar','Panakkukang','15129','No. 052',-5.152380,119.437365,true,'2024-02-28 14:49:30.000000+07','2024-02-28 15:16:30.000000+07',NULL),
	 (53,'Office','89700000352','IDNP3IDNC463IDND5643IDZ15130','South Sulawesi','Parepare','Ujung','15130','No. 053',-4.016667,119.616667,true,'2024-02-28 14:50:00.000000+07','2024-02-28 15:17:00.000000+07',NULL),
	 (54,'Warehouse','89700000353','IDNP3IDNC464IDND5644IDZ15131','Papua','Jayapura','Abepura','15131','No. 054',-2.591700,140.668000,true,'2024-02-28 14:50:30.000000+07','2024-02-28 15:17:30.000000+07',NULL);

INSERT INTO public.warehouse ("name",contact_name,contact_number,area_id,province,city,district,postal_code,address,latitude,longitude,created_at,updated_at,deleted_at) VALUES
	('Jakarta','Suprapto','81200000111','IDNP6IDNC147IDND829IDZ10120','DKI Jakarta','Jakarta Pusat','Gambir','10120','Gambir, Jl. Letjen S. Parman No.1 Kampus A RT.6/RW.16 No. 089',-6.167776982044585,106.79011344909668,'2024-02-28 14:58:59.990453+07','2024-02-28 14:58:59.990453+07',NULL),
	('Bandung','Cahyadi','85600000022','IDNP9IDNC22IDND2021IDZ40114','Jawa Barat','Bandung','Bandung Wetan','40114','Bandung wetan No. 045',-6.909388695549524,107.6258532821485,'2024-02-28 15:00:33.051756+07','2024-02-28 15:00:33.051756+07',NULL),
	('Surabaya', 'John Doe', '81300000222', 'IDNP10IDNC33IDND3032IDZ60111', 'Jawa Timur', 'Surabaya', 'Genteng', '60111', 'Jl. Raya Darmo No. 99', -7.289166, 112.734398, '2024-02-28 16:00:00+07', '2024-02-28 16:00:00+07', NULL),
    ('Medan', 'Jane Smith', '81400000333', 'IDNP11IDNC44IDND4043IDZ20222', 'Sumatera Utara', 'Medan', 'Medan Kota', '20222', 'Jl. Gatot Subroto No. 55', 3.595196, 98.672223, '2024-02-28 16:05:00+07', '2024-02-28 16:05:00+07', NULL),
    ('Semarang', 'Robert Johnson', '81500000444', 'IDNP12IDNC55IDND5054IDZ50123', 'Jawa Tengah', 'Semarang', 'Candisari', '50123', 'Jl. Diponegoro No. 77', -6.966667, 110.416667, '2024-02-28 16:10:00+07', '2024-02-28 16:10:00+07', NULL),
    ('Makassar', 'Michael Anderson', '81600000555', 'IDNP13IDNC66IDND6065IDZ90134', 'Sulawesi Selatan', 'Makassar', 'Panakkukang', '90134', 'Jl. Perintis Kemerdekaan No. 88', -5.147665, 119.432731, '2024-02-28 16:15:00+07', '2024-02-28 16:15:00+07', NULL),
    ('Palembang', 'Elizabeth Carter', '81700000666', 'IDNP14IDNC77IDND7076IDZ30155', 'Sumatera Selatan', 'Palembang', 'Ilir Timur', '30155', 'Jl. Sudirman No. 100', -2.990934, 104.756554, '2024-02-28 16:20:00+07', '2024-02-28 16:20:00+07', NULL),
    ('Yogyakarta', 'David Martinez', '81800000777', 'IDNP15IDNC88IDND8087IDZ55166', 'DI Yogyakarta', 'Yogyakarta', 'Kraton', '55166', 'Jl. Malioboro No. 5', -7.797068, 110.370529, '2024-02-28 16:25:00+07', '2024-02-28 16:25:00+07', NULL),
    ('Balikpapan', 'Olivia Thompson', '81900000888', 'IDNP16IDNC99IDND9098IDZ76177', 'Kalimantan Timur', 'Balikpapan', 'Balikpapan Kota', '76177', 'Jl. MT Haryono No. 12', -1.267530, 116.831200, '2024-02-28 16:30:00+07', '2024-02-28 16:30:00+07', NULL),
    ('Bali', 'William Clark', '82000000999', 'IDNP17IDNC111IDND101010IDZ80188', 'Bali', 'Denpasar', 'Denpasar Selatan', '80188', 'Jl. Sunset Road No. 200', -8.670458, 115.212631, '2024-02-28 16:35:00+07', '2024-02-28 16:35:00+07', NULL),
	('Solok', 'Ryan Pratama', '84200000444', 'IDNP39IDNC141414IDND223232IDZ27316', 'Sumatera Barat', 'Solok', 'Lubuk Sikarah', '27316', 'Jl. Lintas Sumatera No. 88', -0.7889, 100.6504, '2024-02-28 16:35:00+07', '2024-02-28 16:35:00+07', NULL),
	('Manado', 'Daniel Lee', '82200000222', 'IDNP19IDNC333IDND22232IDZ95111', 'Sulawesi Utara', 'Manado', 'Wenang', '95111', 'Jl. Sam Ratulangi No. 15', 1.493056, 124.841389, '2024-02-28 16:45:00+07', '2024-02-28 16:45:00+07', NULL),
    ('Pekanbaru', 'Charlotte Reyes', '82300000333', 'IDNP20IDNC444IDND33343IDZ28288', 'Riau', 'Pekanbaru', 'Sukajadi', '28288', 'Jl. Jenderal Sudirman No. 45', 0.507068, 101.447779, '2024-02-28 16:50:00+07', '2024-02-28 16:50:00+07', NULL),
	('Banjarmasin', 'Sophia Adams', '82400000444', 'IDNP21IDNC555IDND44454IDZ70111', 'Kalimantan Selatan', 'Banjarmasin', 'Banjarmasin Tengah', '70111', 'Jl. Ahmad Yani No. 78', -3.316694, 114.590111, '2024-02-28 16:55:00+07', '2024-02-28 16:55:00+07', NULL),
    ('Pontianak', 'Ethan Bennett', '82500000555', 'IDNP22IDNC666IDND55565IDZ78122', 'Kalimantan Barat', 'Pontianak', 'Pontianak Kota', '78122', 'Jl. Gajah Mada No. 90', -0.022136, 109.333930, '2024-02-28 17:00:00+07', '2024-02-28 17:00:00+07', NULL),
    ('Padang', 'Isabella Collins', '82600000666', 'IDNP23IDNC777IDND66676IDZ25133', 'Sumatera Barat', 'Padang', 'Padang Selatan', '25133', 'Jl. Sudirman No. 88', -0.949244, 100.354273, '2024-02-28 17:05:00+07', '2024-02-28 17:05:00+07', NULL),
    ('Malang', 'Mason Diaz', '82700000777', 'IDNP24IDNC888IDND77787IDZ65144', 'Jawa Timur', 'Malang', 'Klojen', '65144', 'Jl. Ijen No. 23', -7.981894, 112.621391, '2024-02-28 17:10:00+07', '2024-02-28 17:10:00+07', NULL),
    ('Tangerang', 'Ava Evans', '82800000888', 'IDNP25IDNC999IDND88898IDZ15155', 'Banten', 'Tangerang', 'Karawaci', '15155', 'Jl. Boulevard No. 99', -6.202394, 106.652710, '2024-02-28 17:15:00+07', '2024-02-28 17:15:00+07', NULL),
    ('Batam', 'Logan Foster', '82900000999', 'IDNP26IDNC1111IDND99909IDZ29466', 'Kepulauan Riau', 'Batam', 'Lubuk Baja', '29466', 'Jl. Nagoya No. 21', 1.141118, 104.019556, '2024-02-28 17:20:00+07', '2024-02-28 17:20:00+07', NULL),
    ('Solo', 'Mia Garcia', '83000000111', 'IDNP27IDNC2222IDND101010IDZ57177', 'Jawa Tengah', 'Surakarta', 'Laweyan', '57177', 'Jl. Slamet Riyadi No. 34', -7.577953, 110.825456, '2024-02-28 17:25:00+07', '2024-02-28 17:25:00+07', NULL),
    ('Cirebon', 'Lucas Harris', '83100000222', 'IDNP28IDNC3333IDND111121IDZ45188', 'Jawa Barat', 'Cirebon', 'Kejaksan', '45188', 'Jl. Kartini No. 56', -6.717973, 108.559479, '2024-02-28 17:30:00+07', '2024-02-28 17:30:00+07', NULL),
    ('Tegal', 'Harper Jackson', '83200000333', 'IDNP29IDNC4444IDND121232IDZ52199', 'Jawa Tengah', 'Tegal', 'Tegal Barat', '52199', 'Jl. Pancasila No. 40', -6.869650, 109.142080, '2024-02-28 17:35:00+07', '2024-02-28 17:35:00+07', NULL),
    ('Mataram', 'Oliver King', '83300000444', 'IDNP30IDNC5555IDND131343IDZ83111', 'Nusa Tenggara Barat', 'Mataram', 'Cakranegara', '83111', 'Jl. Pejanggik No. 70', -8.583333, 116.116667, '2024-02-28 17:40:00+07', '2024-02-28 17:40:00+07', NULL),
    ('Kupang', 'Liam Lewis', '83400000555', 'IDNP31IDNC6666IDND141454IDZ85122', 'Nusa Tenggara Timur', 'Kupang', 'Kelapa Lima', '85122', 'Jl. El Tari No. 88', -10.178313, 123.607032, '2024-02-28 17:45:00+07', '2024-02-28 17:45:00+07', NULL),
    ('Jambi', 'Emma Miller', '83500000666', 'IDNP32IDNC7777IDND151565IDZ36133', 'Jambi', 'Jambi', 'Telanaipura', '36133', 'Jl. Raden Mattaher No. 101', -1.610122, 103.613120, '2024-02-28 17:50:00+07', '2024-02-28 17:50:00+07', NULL),
    ('Samarinda', 'Noah Nelson', '83600000777', 'IDNP33IDNC8888IDND161676IDZ75144', 'Kalimantan Timur', 'Samarinda', 'Samarinda Ulu', '75144', 'Jl. Bhayangkara No. 112', -0.494823, 117.143615, '2024-02-28 17:55:00+07', '2024-02-28 17:55:00+07', NULL),
    ('Ambon', 'Charlotte Owens', '83700000888', 'IDNP34IDNC9999IDND171787IDZ97155', 'Maluku', 'Ambon', 'Sirimau', '97155', 'Jl. Pattimura No. 66', -3.695439, 128.181466, '2024-02-28 18:00:00+07', '2024-02-28 18:00:00+07', NULL),
    ('Palu', 'Benjamin Parker', '83800000999', 'IDNP35IDNC101010IDND181898IDZ94166', 'Sulawesi Tengah', 'Palu', 'Palu Barat', '94166', 'Jl. Diponegoro No. 88', -0.892389, 119.870703, '2024-02-28 18:05:00+07', '2024-02-28 18:05:00+07', NULL),
    ('Gorontalo', 'Ella Quinn', '83900000111', 'IDNP36IDNC111111IDND192909IDZ96177', 'Gorontalo', 'Gorontalo', 'Dumbo Raya', '96177', 'Jl. Sultan Botutihe No. 50', 0.531922, 123.059491, '2024-02-28 18:10:00+07', '2024-02-28 18:10:00+07', NULL),
    ('Bengkulu', 'Henry Roberts', '84000000222', 'IDNP37IDNC121212IDND203010IDZ38188', 'Bengkulu', 'Bengkulu', 'Selebar', '38188', 'Jl. Pembangunan No. 77', -3.792845, 102.260764, '2024-02-28 18:15:00+07', '2024-02-28 18:15:00+07', NULL),
	('Manokwari', 'Madison Foster', '84100000333', 'IDNP38IDNC131313IDND213121IDZ98399', 'Papua Barat', 'Manokwari', 'Manokwari Barat', '98399', 'Jl. Yos Sudarso No. 45', -0.866667, 134.083333, '2024-02-28 18:20:00+07', '2024-02-28 18:20:00+07', NULL);

INSERT INTO public.warehouse_admins (user_id,warehouse_id,created_at,updated_at,deleted_at) VALUES
	 (3,1,'2024-02-28 14:58:59.989471+07','2024-02-28 14:58:59.989471+07',NULL),
	 (4,2,'2024-02-28 15:00:33.05188+07','2024-02-28 15:00:33.05188+07',NULL),
	 (5,3,'2024-02-28 15:00:33.05188+07','2024-02-28 15:00:33.05188+07',NULL),
	 (6,4,'2024-02-28 15:00:33.05188+07','2024-02-28 15:00:33.05188+07',NULL),
	 (7,5,'2024-02-28 15:00:33.05188+07','2024-02-28 15:00:33.05188+07',NULL),
	 (8,6,'2024-02-28 15:02:45.123456+07','2024-02-28 15:02:45.123456+07',NULL),
	 (9,7,'2024-02-28 15:03:10.654321+07','2024-02-28 15:03:10.654321+07',NULL),
	 (10,8,'2024-02-28 15:03:35.789012+07','2024-02-28 15:03:35.789012+07',NULL),
	 (11,9,'2024-02-28 15:04:00.987654+07','2024-02-28 15:04:00.987654+07',NULL),
	 (12,10,'2024-02-28 15:04:25.345678+07','2024-02-28 15:04:25.345678+07',NULL),
	 (13,11,'2024-02-28 15:04:50.234567+07','2024-02-28 15:04:50.234567+07',NULL),
	 (14,12,'2024-02-28 15:05:15.876543+07','2024-02-28 15:05:15.876543+07',NULL),
	 (15,13,'2024-02-28 15:05:40.543210+07','2024-02-28 15:05:40.543210+07',NULL),
	 (16,14,'2024-02-28 15:06:05.678901+07','2024-02-28 15:06:05.678901+07',NULL),
	 (17,15,'2024-02-28 15:06:30.432109+07','2024-02-28 15:06:30.432109+07',NULL),
	 (18,16,'2024-02-28 15:06:55.321098+07','2024-02-28 15:06:55.321098+07',NULL),
	 (19,17,'2024-02-28 15:07:20.987654+07','2024-02-28 15:07:20.987654+07',NULL),
	 (20,18,'2024-02-28 15:07:45.876543+07','2024-02-28 15:07:45.876543+07',NULL),
	 (21,19,'2024-02-28 15:08:10.765432+07','2024-02-28 15:08:10.765432+07',NULL),
	 (22,20,'2024-02-28 15:08:35.654321+07','2024-02-28 15:08:35.654321+07',NULL),
	 (23,21,'2024-02-28 15:09:00.543210+07','2024-02-28 15:09:00.543210+07',NULL),
	 (24,22,'2024-02-28 15:09:25.432109+07','2024-02-28 15:09:25.432109+07',NULL),
	 (25,23,'2024-02-28 15:09:50.321098+07','2024-02-28 15:09:50.321098+07',NULL),
	 (26,24,'2024-02-28 15:10:15.210987+07','2024-02-28 15:10:15.210987+07',NULL),
	 (27,25,'2024-02-28 15:10:40.109876+07','2024-02-28 15:10:40.109876+07',NULL),
	 (28,26,'2024-02-28 15:11:05.098765+07','2024-02-28 15:11:05.098765+07',NULL),
	 (29,27,'2024-02-28 15:11:30.087654+07','2024-02-28 15:11:30.087654+07',NULL),
	 (30,28,'2024-02-28 15:11:55.076543+07','2024-02-28 15:11:55.076543+07',NULL),
	 (31,29,'2024-02-28 15:12:20.065432+07','2024-02-28 15:12:20.065432+07',NULL),
	 (32,30,'2024-02-28 15:12:45.054321+07','2024-02-28 15:12:45.054321+07',NULL),
	 (33,31,'2024-02-28 15:13:10.043210+07','2024-02-28 15:13:10.043210+07',NULL);
	 
INSERT INTO public.vendor ("name",created_at,updated_at,deleted_at) VALUES
	 ('Supply Flow','2024-02-28 14:36:43.322499+07','2024-02-28 14:36:43.322499+07',NULL),
	 ('Bulk Buy','2024-02-28 14:36:43.322499+07','2024-02-28 14:36:43.322499+07',NULL);
	 
INSERT INTO public.category ("name",created_at,updated_at,deleted_at) VALUES
	 ('Food','2024-02-28 14:36:43.322499+07','2024-02-28 14:36:43.322499+07',NULL),
	 ('Bread','2024-02-28 14:36:43.322499+07','2024-02-28 14:36:43.322499+07',NULL),
	 ('Snack','2024-02-28 14:36:43.322499+07','2024-02-28 14:36:43.322499+07',NULL),
	 ('Meat','2024-02-28 14:37:20.234567+07','2024-02-28 14:37:20.234567+07',NULL),
	 ('Vegetables','2024-02-28 14:37:30.345678+07','2024-02-28 14:37:30.345678+07',NULL),
	 ('Fruits','2024-02-28 14:37:40.456789+07','2024-02-28 14:37:40.456789+07',NULL),
	 ('Frozen Food','2024-02-28 14:38:00.678901+07','2024-02-28 14:38:00.678901+07',NULL),
	 ('Beverages','2024-02-28 14:39:20.456789+07','2024-02-28 14:39:20.456789+07',NULL),
	 ('Coffee & Tea','2024-02-28 14:39:30.567890+07','2024-02-28 14:39:30.567890+07',NULL),
	 ('Canned Drink','2024-02-28 14:39:30.567890+07','2024-02-28 14:39:30.567890+07',NULL),
	 ('Soft Drink','2024-02-28 14:39:30.567890+07','2024-02-28 14:39:30.567890+07',NULL),
	 ('Alcoholic Drinks','2024-02-28 14:39:40.678901+07','2024-02-28 14:39:40.678901+07',NULL),
	 ('Non-Alcoholic Drinks','2024-02-28 14:39:50.789012+07','2024-02-28 14:39:50.789012+07',NULL),
	 ('Tools','2024-02-28 14:40:10.123456+07','2024-02-28 14:40:10.123456+07',NULL),
	 ('Hardware','2024-02-28 14:40:20.234567+07','2024-02-28 14:40:20.234567+07',NULL),
	 ('Electronics','2024-02-28 14:40:30.345678+07','2024-02-28 14:40:30.345678+07',NULL),
	 ('Clothing','2024-02-28 14:40:40.456789+07','2024-02-28 14:40:40.456789+07',NULL),
	 ('Shirts','2024-02-28 14:40:50.567890+07','2024-02-28 14:40:50.567890+07',NULL),
	 ('Pants','2024-02-28 14:41:00.678901+07','2024-02-28 14:41:00.678901+07',NULL),
	 ('Dresses','2024-02-28 14:41:10.789012+07','2024-02-28 14:41:10.789012+07',NULL),
	 ('Shoes','2024-02-28 14:41:20.890123+07','2024-02-28 14:41:20.890123+07',NULL),
	 ('Accessories','2024-02-28 14:41:30.901234+07','2024-02-28 14:41:30.901234+07',NULL),
	 ('Bags','2024-02-28 14:41:40.012345+07','2024-02-28 14:41:40.012345+07',NULL),
	 ('Jewelry','2024-02-28 14:41:50.123456+07','2024-02-28 14:41:50.123456+07',NULL),
	 ('Watches','2024-02-28 14:42:00.234567+07','2024-02-28 14:42:00.234567+07',NULL),
	 ('Beauty & Personal Care','2024-02-28 14:42:10.345678+07','2024-02-28 14:42:10.345678+07',NULL),
	 ('Cosmetics','2024-02-28 14:42:20.456789+07','2024-02-28 14:42:20.456789+07',NULL),
	 ('Skincare','2024-02-28 14:42:30.567890+07','2024-02-28 14:42:30.567890+07',NULL),
	 ('Haircare','2024-02-28 14:42:40.678901+07','2024-02-28 14:42:40.678901+07',NULL),
	 ('Fragrances','2024-02-28 14:42:50.789012+07','2024-02-28 14:42:50.789012+07',NULL);

INSERT INTO public.product ("name", sku, description, price, weight, created_at, updated_at, deleted_at) VALUES
	 ('Stainless Steel Hammer', 'TOOLS-HMR-202', 'A durable stainless steel hammer designed for various home improvement and construction tasks. Its ergonomic handle provides a comfortable grip for efficient use.', 25000.0, 800.0, '2024-02-28 15:00:00.123456+07', '2024-02-28 15:00:00.123456+07', NULL),
	 ('Digital Multimeter Pro', 'ELEC-DMM-303', 'A professional-grade digital multimeter for measuring voltage, current, and resistance with high precision. Ideal for electricians and DIY enthusiasts.', 75000.0, 500.0, '2024-02-28 15:01:00.234567+07', '2024-02-28 15:01:00.234567+07', NULL),
	 ('Classic Cotton Shirt', 'CLOTH-SHIRT-101', 'A timeless classic cotton shirt, perfect for casual and formal wear. Made from breathable cotton fabric for all-day comfort.', 120000.0, 300.0, '2024-02-28 15:02:00.345678+07', '2024-02-28 15:02:00.345678+07', NULL),
	 ('Leather Office Shoes', 'FASHION-SHOE-202', 'Elegant and comfortable leather office shoes designed for professionals. Features a cushioned insole for extra comfort throughout the day.', 350000.0, 1200.0, '2024-02-28 15:03:00.456789+07', '2024-02-28 15:03:00.456789+07', NULL),
	 ('Stylish Handbag', 'FASHION-BAG-303', 'A stylish and spacious handbag, perfect for daily use and formal occasions. Made from high-quality faux leather.', 200000.0, 700.0, '2024-02-28 15:04:00.567890+07', '2024-02-28 15:04:00.567890+07', NULL), 
	 ('Spicy Cassava Chips', 'SNACK-CAS-102', 'Crispy cassava chips seasoned with a special blend of chili and spices. A perfect crunchy snack for spice lovers.', 15000.0, 120.0, '2024-02-28 15:10:00.123456+07', '2024-02-28 15:10:00.123456+07', NULL),
	 ('Chocolate Wafer Bar', 'SNACK-CHC-103', 'A delicious wafer bar coated with rich chocolate. A sweet treat for any time of the day.', 8000.0, 50.0, '2024-02-28 15:11:00.123456+07', '2024-02-28 15:11:00.123456+07', NULL),
	 ('Seaweed Rice Crackers', 'SNACK-RCR-104', 'Crispy rice crackers infused with seaweed flavor, offering a light and savory snack experience.', 18000.0, 100.0, '2024-02-28 15:12:00.123456+07', '2024-02-28 15:12:00.123456+07', NULL),
	 ('Honey Butter Almonds', 'SNACK-ALM-105', 'Crunchy almonds coated with sweet honey butter glaze. A nutritious and delicious snack.', 32000.0, 150.0, '2024-02-28 15:13:00.123456+07', '2024-02-28 15:13:00.123456+07', NULL),
	 ('Cheese Popcorn', 'SNACK-PCN-106', 'Freshly popped popcorn coated in a rich cheese flavor. A great snack for movie nights.', 12000.0, 200.0, '2024-02-28 15:14:00.123456+07', '2024-02-28 15:14:00.123456+07', NULL),
	 ('Whole Wheat Bread', 'BREAD-WHB-002', 'Soft and healthy whole wheat bread, rich in fiber and perfect for a nutritious breakfast.', 25000.0, 500.0, '2024-02-28 15:15:00.123456+07', '2024-02-28 15:15:00.123456+07', NULL),
	 ('Garlic Butter Baguette', 'BREAD-GBB-003', 'Crispy French baguette infused with rich garlic butter flavor. Great for pairing with soups.', 28000.0, 450.0, '2024-02-28 15:16:00.123456+07', '2024-02-28 15:16:00.123456+07', NULL),
	 ('Chocolate Danish', 'BREAD-CDN-004', 'Flaky pastry filled with melted chocolate, offering a perfect balance of crispiness and sweetness.', 22000.0, 300.0, '2024-02-28 15:17:00.123456+07', '2024-02-28 15:17:00.123456+07', NULL),
	 ('Butter Croissant', 'BREAD-BCR-005', 'Classic French-style croissant made with premium butter, delivering a rich and flaky texture.', 20000.0, 250.0, '2024-02-28 15:18:00.123456+07', '2024-02-28 15:18:00.123456+07', NULL),
	 ('Raisin Cinnamon Roll', 'BREAD-RCR-006', 'Soft cinnamon roll with juicy raisins, topped with a sweet glaze.', 18000.0, 280.0, '2024-02-28 15:19:00.123456+07', '2024-02-28 15:19:00.123456+07', NULL),
	 ('Cordless Drill Set', 'TOOLS-DRL-203', 'A high-performance cordless drill with multiple drill bits. Ideal for home and professional use.', 180000.0, 1200.0, '2024-02-28 15:20:00.123456+07', '2024-02-28 15:20:00.123456+07', NULL),
	 ('Adjustable Wrench', 'TOOLS-WRN-204', 'A durable adjustable wrench made from high-quality steel, perfect for various mechanical tasks.', 50000.0, 700.0, '2024-02-28 15:21:00.123456+07', '2024-02-28 15:21:00.123456+07', NULL),
	 ('Screwdriver Set', 'TOOLS-SCR-205', 'A 10-piece precision screwdriver set for electronics and home repairs.', 75000.0, 500.0, '2024-02-28 15:22:00.123456+07', '2024-02-28 15:22:00.123456+07', NULL),
	 ('Heavy-Duty Pliers', 'TOOLS-PLR-206', 'Industrial-grade pliers for cutting and gripping wires with ease.', 65000.0, 600.0, '2024-02-28 15:23:00.123456+07', '2024-02-28 15:23:00.123456+07', NULL),
	 ('Measuring Tape 5m', 'TOOLS-MTP-207', 'A sturdy 5-meter measuring tape with a lock feature for precise measurements.', 30000.0, 300.0, '2024-02-28 15:24:00.123456+07', '2024-02-28 15:24:00.123456+07', NULL),
	 ('Casual Denim Jacket', 'CLOTH-JCK-102', 'A stylish denim jacket made with premium cotton, perfect for casual wear.', 250000.0, 800.0, '2024-02-28 15:25:00.123456+07', '2024-02-28 15:25:00.123456+07', NULL),
	 ('Sports Jogger Pants', 'CLOTH-PNT-103', 'Comfortable jogger pants made from breathable fabric, ideal for workouts and casual wear.', 150000.0, 500.0, '2024-02-28 15:26:00.123456+07', '2024-02-28 15:26:00.123456+07', NULL),
	 ('Cotton Polo Shirt', 'CLOTH-PSH-104', 'A soft and breathable cotton polo shirt available in multiple colors.', 90000.0, 350.0, '2024-02-28 15:27:00.123456+07', '2024-02-28 15:27:00.123456+07', NULL),
	 ('Winter Wool Sweater', 'CLOTH-SWT-105', 'A cozy wool sweater designed to keep you warm during cold weather.', 220000.0, 900.0, '2024-02-28 15:28:00.123456+07', '2024-02-28 15:28:00.123456+07', NULL),
	 ('Formal Dress Pants', 'CLOTH-FDP-106', 'Elegant dress pants suitable for office wear and formal occasions.', 180000.0, 600.0, '2024-02-28 15:29:00.123456+07', '2024-02-28 15:29:00.123456+07', NULL),
	 ('Leather Wristwatch', 'FASHION-WCH-304', 'A sleek leather wristwatch with a minimalist design, perfect for formal and casual outfits.', 350000.0, 250.0, '2024-02-28 15:30:00.123456+07', '2024-02-28 15:30:00.123456+07', NULL),
	 ('Aviator Sunglasses', 'FASHION-SNG-305', 'Classic aviator sunglasses with UV protection for a stylish and practical accessory.', 180000.0, 200.0, '2024-02-28 15:31:00.123456+07', '2024-02-28 15:31:00.123456+07', NULL),
	 ('Luxury Leather Belt', 'FASHION-BLT-306', 'A premium leather belt with a stylish buckle, perfect for both casual and formal wear.', 120000.0, 400.0, '2024-02-28 15:32:00.123456+07', '2024-02-28 15:32:00.123456+07', NULL),
	 ('Dua Lombok Seblak 60 g', 'SNACK-CHC-101', 'Dua Lombok Seblak 60 g is a delicious snack perfect for eating on its own or mixed with soup-based dishes like soto and meatball soup. Its spicy and savory taste will keep you coming back for more.', 9200.0, 60.0, '2024-02-28 14:36:43.322499+07', '2024-02-28 14:36:43.322499+07', NULL),
	 ('Bean Spot Cheese Milk Bread', 'BREAD-WSB-001', 'Cheese Milk Bread is a ready-to-eat bread product made from premium-quality selected flour and processed using modern techniques to create an ultra-soft texture. It is filled with rich, creamy cheese that enhances the flavor, melting in your mouth for an unmatched taste experience.', 7000.0, 400.0, '2024-02-28 14:36:43.322499+07', '2024-02-28 14:36:43.322499+07', NULL); 

INSERT INTO public.product_categories (product_id,category_id,created_at,updated_at,deleted_at) VALUES
	 (1,14,'2024-02-28 14:36:43.322499+07','2024-02-28 14:36:43.322499+07',NULL),
	 (2,16,'2024-02-28 14:36:43.322499+07','2024-02-28 14:36:43.322499+07',NULL),
	 (3,17,'2024-02-28 14:36:43.322499+07','2024-02-28 14:36:43.322499+07',NULL),
	 (3,18,'2024-02-28 14:36:43.322499+07','2024-02-28 14:36:43.322499+07',NULL),
	 (4,21,'2024-02-28 14:36:43.322499+07','2024-02-28 14:36:43.322499+07',NULL),
	 (4,22,'2024-02-28 14:36:43.322499+07','2024-02-28 14:36:43.322499+07',NULL),
	 (5,22,'2024-02-28 14:36:43.322499+07','2024-02-28 14:36:43.322499+07',NULL),
	 (5,23,'2024-02-28 14:36:43.322499+07','2024-02-28 14:36:43.322499+07',NULL),
	 (6,1,'2024-02-28 14:36:43.322499+07','2024-02-28 14:36:43.322499+07',NULL),
	 (6,3,'2024-02-28 14:36:43.322499+07','2024-02-28 14:36:43.322499+07',NULL),
	 (7,1,'2024-02-28 14:36:43.322499+07','2024-02-28 14:36:43.322499+07',NULL),
	 (7,3,'2024-02-28 14:36:43.322499+07','2024-02-28 14:36:43.322499+07',NULL),
	 (8,1,'2024-02-28 14:36:43.322499+07','2024-02-28 14:36:43.322499+07',NULL),
	 (9,1,'2024-02-28 14:36:43.322499+07','2024-02-28 14:36:43.322499+07',NULL),
	 (10,1,'2024-02-28 14:36:43.322499+07','2024-02-28 14:36:43.322499+07',NULL),
	 (8,3,'2024-02-28 14:36:43.322499+07','2024-02-28 14:36:43.322499+07',NULL),
	 (9,3,'2024-02-28 14:36:43.322499+07','2024-02-28 14:36:43.322499+07',NULL),
	 (10,3,'2024-02-28 14:36:43.322499+07','2024-02-28 14:36:43.322499+07',NULL),
	 (11,1,'2024-02-28 14:36:43.322499+07','2024-02-28 14:36:43.322499+07',NULL),
	 (12,1,'2024-02-28 14:36:43.322499+07','2024-02-28 14:36:43.322499+07',NULL),
	 (13,1,'2024-02-28 14:36:43.322499+07','2024-02-28 14:36:43.322499+07',NULL),
	 (14,1,'2024-02-28 14:36:43.322499+07','2024-02-28 14:36:43.322499+07',NULL),
	 (15,1,'2024-02-28 14:36:43.322499+07','2024-02-28 14:36:43.322499+07',NULL),
	 (11,2,'2024-02-28 14:36:43.322499+07','2024-02-28 14:36:43.322499+07',NULL),
	 (12,2,'2024-02-28 14:36:43.322499+07','2024-02-28 14:36:43.322499+07',NULL),
	 (13,2,'2024-02-28 14:36:43.322499+07','2024-02-28 14:36:43.322499+07',NULL),
	 (14,2,'2024-02-28 14:36:43.322499+07','2024-02-28 14:36:43.322499+07',NULL),
	 (15,2,'2024-02-28 14:36:43.322499+07','2024-02-28 14:36:43.322499+07',NULL),
	 (16,14,'2024-02-28 14:36:43.322499+07','2024-02-28 14:36:43.322499+07',NULL),
	 (17,14,'2024-02-28 14:36:43.322499+07','2024-02-28 14:36:43.322499+07',NULL),
	 (18,14,'2024-02-28 14:36:43.322499+07','2024-02-28 14:36:43.322499+07',NULL),
	 (19,14,'2024-02-28 14:36:43.322499+07','2024-02-28 14:36:43.322499+07',NULL),
	 (20,14,'2024-02-28 14:36:43.322499+07','2024-02-28 14:36:43.322499+07',NULL),
	 (21,17,'2024-02-28 14:36:43.322499+07','2024-02-28 14:36:43.322499+07',NULL),
	 (22,19,'2024-02-28 14:36:43.322499+07','2024-02-28 14:36:43.322499+07',NULL),
	 (23,18,'2024-02-28 14:36:43.322499+07','2024-02-28 14:36:43.322499+07',NULL),
	 (22,17,'2024-02-28 14:36:43.322499+07','2024-02-28 14:36:43.322499+07',NULL),
	 (23,17,'2024-02-28 14:36:43.322499+07','2024-02-28 14:36:43.322499+07',NULL),
	 (24,17,'2024-02-28 14:36:43.322499+07','2024-02-28 14:36:43.322499+07',NULL),
	 (25,17,'2024-02-28 14:36:43.322499+07','2024-02-28 14:36:43.322499+07',NULL),
	 (25,19,'2024-02-28 14:36:43.322499+07','2024-02-28 14:36:43.322499+07',NULL),
	 (26,22,'2024-02-28 14:36:43.322499+07','2024-02-28 14:36:43.322499+07',NULL),
	 (26,25,'2024-02-28 14:36:43.322499+07','2024-02-28 14:36:43.322499+07',NULL),
	 (27,22,'2024-02-28 14:36:43.322499+07','2024-02-28 14:36:43.322499+07',NULL),
	 (28,22,'2024-02-28 14:36:43.322499+07','2024-02-28 14:36:43.322499+07',NULL),
	 (29,1,'2024-02-28 14:36:43.322499+07','2024-02-28 14:36:43.322499+07',NULL),
	 (30,1,'2024-02-28 14:36:43.322499+07','2024-02-28 14:36:43.322499+07',NULL),
	 (29,3,'2024-02-28 14:36:43.322499+07','2024-02-28 14:36:43.322499+07',NULL),
	 (30,2,'2024-02-28 14:36:43.322499+07','2024-02-28 14:36:43.322499+07',NULL);
	 
INSERT INTO public.product_images (product_id,image_url,created_at,updated_at,deleted_at) VALUES
	(1,'https://cdn.builder.io/api/v1/image/assets%2F30e3604c9ea247809c03511e4a9c5f3f%2F294578316cc347b6ab9a4f0111076f79','2024-02-28 14:36:43.322499+07','2024-02-28 14:36:43.322499+07',NULL),
	(1,'https://cdn.builder.io/api/v1/image/assets%2F30e3604c9ea247809c03511e4a9c5f3f%2Fca955733f7ad4b3ebdf297ad7761628c','2024-02-28 14:36:43.322499+07','2024-02-28 14:36:43.322499+07',NULL),
	(2,'https://cdn.builder.io/api/v1/image/assets%2F30e3604c9ea247809c03511e4a9c5f3f%2F36e574ad4f274e4f9006a2a88fab8caa','2024-02-28 14:36:43.322499+07','2024-02-28 14:36:43.322499+07',NULL),
	(2,'https://cdn.builder.io/api/v1/image/assets%2F30e3604c9ea247809c03511e4a9c5f3f%2F9661ee7c96074d9baa34a8e8abce6aff','2024-02-28 14:36:43.322499+07','2024-02-28 14:36:43.322499+07',NULL),
	(3,'https://cdn.builder.io/api/v1/image/assets%2F30e3604c9ea247809c03511e4a9c5f3f%2Fb7ce75dae69b40be902e4f08d2a79151','2024-02-28 14:36:43.322499+07','2024-02-28 14:36:43.322499+07',NULL),
	(3,'https://cdn.builder.io/api/v1/image/assets%2F30e3604c9ea247809c03511e4a9c5f3f%2F3208d93dca6c4c10baed5968f2e42d9b','2024-02-28 14:36:43.322499+07','2024-02-28 14:36:43.322499+07',NULL),
	(4,'https://cdn.builder.io/api/v1/image/assets%2F30e3604c9ea247809c03511e4a9c5f3f%2F6a1ac38a32ac42368747bb786bea2521','2024-02-28 14:36:43.322499+07','2024-02-28 14:36:43.322499+07',NULL),
	(5,'https://cdn.builder.io/api/v1/image/assets%2F30e3604c9ea247809c03511e4a9c5f3f%2F6ea11628fa8040aaad00b21d9683ac55','2024-02-28 14:36:43.322499+07','2024-02-28 14:36:43.322499+07',NULL),
	(6,'https://cdn.builder.io/api/v1/image/assets%2F30e3604c9ea247809c03511e4a9c5f3f%2F9236839974e54e39a1dec82643f3f230','2024-02-28 14:36:43.322499+07','2024-02-28 14:36:43.322499+07',NULL),
	(7,'https://cdn.builder.io/api/v1/image/assets%2F30e3604c9ea247809c03511e4a9c5f3f%2F45750526c77e4645904e692fd55a8363','2024-02-28 14:36:43.322499+07','2024-02-28 14:36:43.322499+07',NULL),
	(8,'https://cdn.builder.io/api/v1/image/assets%2F30e3604c9ea247809c03511e4a9c5f3f%2Ffe96bca9791a4950918672cec3cf3ee1','2024-02-28 14:36:43.322499+07','2024-02-28 14:36:43.322499+07',NULL),
	(9,'https://cdn.builder.io/api/v1/image/assets%2F30e3604c9ea247809c03511e4a9c5f3f%2Fd34dd743e9e14031a90813f76079bf7f','2024-02-28 14:36:43.322499+07','2024-02-28 14:36:43.322499+07',NULL),
	(10,'https://cdn.builder.io/api/v1/image/assets%2F30e3604c9ea247809c03511e4a9c5f3f%2F1e87e408b23843829de69dfb8a704a7e','2024-02-28 14:36:43.322499+07','2024-02-28 14:36:43.322499+07',NULL),
	(11,'https://cdn.builder.io/api/v1/image/assets%2F30e3604c9ea247809c03511e4a9c5f3f%2Fb3d64d841fe34ab5b78cb73481fd0781','2024-02-28 14:36:43.322499+07','2024-02-28 14:36:43.322499+07',NULL),
	(12,'https://cdn.builder.io/api/v1/image/assets%2F30e3604c9ea247809c03511e4a9c5f3f%2F0e8d58f3d1994470a2c614506bb70330','2024-02-28 14:36:43.322499+07','2024-02-28 14:36:43.322499+07',NULL),
	(13,'https://cdn.builder.io/api/v1/image/assets%2F30e3604c9ea247809c03511e4a9c5f3f%2F0fcc6013bc1d4c2991fe16c022ab83f1','2024-02-28 14:36:43.322499+07','2024-02-28 14:36:43.322499+07',NULL),
	(14,'https://cdn.builder.io/api/v1/image/assets%2F30e3604c9ea247809c03511e4a9c5f3f%2F28eef64a384347a1b2cb94c4854e2c0f','2024-02-28 14:36:43.322499+07','2024-02-28 14:36:43.322499+07',NULL),
	(15,'https://cdn.builder.io/api/v1/image/assets%2F30e3604c9ea247809c03511e4a9c5f3f%2Fe178cd4cc68e45e2be4a73a9885276b8','2024-02-28 14:36:43.322499+07','2024-02-28 14:36:43.322499+07',NULL),
	(16,'https://cdn.builder.io/api/v1/image/assets%2F30e3604c9ea247809c03511e4a9c5f3f%2F6513c028f2b04b5d897b1e8e04c15f53','2024-02-28 14:36:43.322499+07','2024-02-28 14:36:43.322499+07',NULL),
	(17,'https://cdn.builder.io/api/v1/image/assets%2F30e3604c9ea247809c03511e4a9c5f3f%2F2fa5abe01d9547af8e05ad096c2669f7','2024-02-28 14:36:43.322499+07','2024-02-28 14:36:43.322499+07',NULL),
	(18,'https://cdn.builder.io/api/v1/image/assets%2F30e3604c9ea247809c03511e4a9c5f3f%2Ff013dee8a3ff4639ba84a47e3225fdfb','2024-02-28 14:36:43.322499+07','2024-02-28 14:36:43.322499+07',NULL),
	(19,'https://cdn.builder.io/api/v1/image/assets%2F30e3604c9ea247809c03511e4a9c5f3f%2F7e79b3add6854965876b1105d4e05a85','2024-02-28 14:36:43.322499+07','2024-02-28 14:36:43.322499+07',NULL),
	(20,'https://cdn.builder.io/api/v1/image/assets%2F30e3604c9ea247809c03511e4a9c5f3f%2F3814464688bb40b9b72032330c5b734b','2024-02-28 14:36:43.322499+07','2024-02-28 14:36:43.322499+07',NULL),
	(21,'https://cdn.builder.io/api/v1/image/assets%2F30e3604c9ea247809c03511e4a9c5f3f%2Fee0703744cf142c39c6f9434032b780e','2024-02-28 14:36:43.322499+07','2024-02-28 14:36:43.322499+07',NULL),
	(22,'https://cdn.builder.io/api/v1/image/assets%2F30e3604c9ea247809c03511e4a9c5f3f%2F598b385d73974d7eb94d862adbab72d1','2024-02-28 14:36:43.322499+07','2024-02-28 14:36:43.322499+07',NULL),
	(23,'https://cdn.builder.io/api/v1/image/assets%2F30e3604c9ea247809c03511e4a9c5f3f%2F9a6e1071ff624d2e8e39419d44f58d40','2024-02-28 14:36:43.322499+07','2024-02-28 14:36:43.322499+07',NULL),
	(24,'https://cdn.builder.io/api/v1/image/assets%2F30e3604c9ea247809c03511e4a9c5f3f%2Fc9239ee74930422b9770e2c7582fa640','2024-02-28 14:36:43.322499+07','2024-02-28 14:36:43.322499+07',NULL),
	(25,'https://cdn.builder.io/api/v1/image/assets%2F30e3604c9ea247809c03511e4a9c5f3f%2Ffe4d1b447fc7467fbe073d0c59be2911','2024-02-28 14:36:43.322499+07','2024-02-28 14:36:43.322499+07',NULL),
	(26,'https://cdn.builder.io/api/v1/image/assets%2F30e3604c9ea247809c03511e4a9c5f3f%2Feda403c1c6be446e8ab0a874dcf5a267','2024-02-28 14:36:43.322499+07','2024-02-28 14:36:43.322499+07',NULL),
	(27,'https://cdn.builder.io/api/v1/image/assets%2F30e3604c9ea247809c03511e4a9c5f3f%2F64e305d32e624efabf14a505c94b666c','2024-02-28 14:36:43.322499+07','2024-02-28 14:36:43.322499+07',NULL),
	(28,'https://cdn.builder.io/api/v1/image/assets%2F30e3604c9ea247809c03511e4a9c5f3f%2F5c35594319b14d06846167ec0a99c5f3','2024-02-28 14:36:43.322499+07','2024-02-28 14:36:43.322499+07',NULL),
	(29,'https://cdn.builder.io/api/v1/image/assets%2F30e3604c9ea247809c03511e4a9c5f3f%2F7287664dd472424c95ea8156efef6737','2024-02-28 14:36:43.322499+07','2024-02-28 14:36:43.322499+07',NULL),
	(29,'https://cdn.builder.io/api/v1/image/assets%2F30e3604c9ea247809c03511e4a9c5f3f%2Fef3b1d0a94974697a75ad54fac68ff1b','2024-02-28 14:36:43.322499+07','2024-02-28 14:36:43.322499+07',NULL),
	(30,'https://cdn.builder.io/api/v1/image/assets%2F30e3604c9ea247809c03511e4a9c5f3f%2F8f1b5c652928482b91f28bfb195b14b1','2024-02-28 14:36:43.322499+07','2024-02-28 14:36:43.322499+07',NULL);

INSERT INTO public.order_status ("name",created_at,updated_at,deleted_at) VALUES
	 ('Wait For Payment','2024-02-28 14:37:45.837963+07','2024-02-28 14:37:45.837963+07',NULL),
	 ('Wait For Payment Confirmation','2024-02-28 14:37:45.837963+07','2024-02-28 14:37:45.837963+07',NULL),
	 ('Processed','2024-02-28 14:37:45.837963+07','2024-02-28 14:37:45.837963+07',NULL),
	 ('Send','2024-02-28 14:37:45.837963+07','2024-02-28 14:37:45.837963+07',NULL),
	 ('Confirmed','2024-02-28 14:37:45.837963+07','2024-02-28 14:37:45.837963+07',NULL),
	 ('Canceled','2024-02-28 14:37:45.837963+07','2024-02-28 14:37:45.837963+07',NULL);
	 


INSERT INTO public."order" (user_id,latest_status,total_price,is_paid,address_id,created_at,updated_at,deleted_at) VALUES
	 (34,'5',1120000.0,true,1,'2024-01-08 14:41:51.326388+07','2024-01-08 14:41:51.326388+07',NULL),
	 (35,'5',466200.0,true,2,'2024-01-28 14:41:51.326388+07','2024-01-28 14:41:51.326388+07',NULL),
	 (36,'5',120000.0,true,3,'2024-02-08 14:41:51.326388+07','2024-02-08 14:41:51.326388+07',NULL),
	 (37,'5',350000.0,true,4,'2024-02-18 14:41:51.326388+07','2024-02-18 14:41:51.326388+07',NULL),
	 (38,'5',200000.0,true,5,'2024-02-28 14:41:51.326388+07','2024-02-28 14:41:51.326388+07',NULL),
	 (39,'5',15000.0,true,6,'2024-03-08 14:41:51.326388+07','2024-03-08 14:41:51.326388+07',NULL),
	 (40,'5',8000.0,true,7,'2024-03-18 14:41:51.326388+07','2024-03-18 14:41:51.326388+07',NULL),
	 (41,'5',18000.0,true,8,'2024-03-28 14:41:51.326388+07','2024-03-28 14:41:51.326388+07',NULL),
	 (42,'5',32000.0,true,9,'2024-04-08 14:41:51.326388+07','2024-04-08 14:41:51.326388+07',NULL),	 
	 (43,'5',162000.0,true,10,'2024-04-18 14:45:27.589323+07','2024-04-18 14:45:27.589323+07',NULL),
	 (44,'5',25000.0,true,11,'2024-04-28 14:41:51.326388+07','2024-04-28 14:41:51.326388+07',NULL),
	 (45,'5',28000.0,true,12,'2024-05-08 14:41:51.326388+07','2024-05-08 14:41:51.326388+07',NULL),
	 (46,'5',22000.0,true,13,'2024-05-18 14:41:51.326388+07','2024-05-18 14:41:51.326388+07',NULL),
	 (47,'5',20000.0,true,14,'2024-05-28 14:41:51.326388+07','2024-05-28 14:41:51.326388+07',NULL),
	 (48,'5',18000.0,true,15,'2024-06-08 14:41:51.326388+07','2024-06-08 14:41:51.326388+07',NULL),
	 (49,'5',180000.0,true,16,'2024-07-08 14:41:51.326388+07','2024-07-08 14:41:51.326388+07',NULL),
	 (50,'5',50000.0,true,17,'2024-08-08 14:41:51.326388+07','2024-08-08 14:41:51.326388+07',NULL),
	 (51,'5',75000.0,true,18,'2024-09-08 14:41:51.326388+07','2024-09-08 14:41:51.326388+07',NULL),
	 (52,'5',65000.0,true,19,'2024-10-08 14:41:51.326388+07','2024-10-08 14:41:51.326388+07',NULL),
	 (53,'5',30000.0,true,20,'2024-11-28 14:45:27.589323+07','2024-11-28 14:45:27.589323+07',NULL),
	 (54,'5',250000.0,true,21,'2024-12-28 14:41:51.326388+07','2024-12-28 14:41:51.326388+07',NULL),
	 (34,'5',1120000.0,true,1,'2025-01-02 14:41:51.326388+07','2025-01-02 14:41:51.326388+07',NULL),
	 (35,'5',466200.0,true,2,'2025-01-10 14:41:51.326388+07','2025-01-10 14:41:51.326388+07',NULL),
	 (36,'5',120000.0,true,3,'2025-01-17 14:41:51.326388+07','2025-01-17 14:41:51.326388+07',NULL),
	 (37,'5',350000.0,true,4,'2025-01-22 14:41:51.326388+07','2025-01-22 14:41:51.326388+07',NULL),
	 (38,'5',200000.0,true,5,'2025-02-01 14:41:51.326388+07','2025-02-01 14:41:51.326388+07',NULL),
	 (39,'5',15000.0,true,6,'2025-02-03 14:41:51.326388+07','2025-02-03 14:41:51.326388+07',NULL),
	 (40,'5',8000.0,true,7,'2025-02-06 14:41:51.326388+07','2025-02-06 14:41:51.326388+07',NULL),
	 (41,'5',18000.0,true,8,'2025-02-11 14:41:51.326388+07','2025-02-11 14:41:51.326388+07',NULL),
	 (42,'5',32000.0,true,9,'2025-02-20 14:41:51.326388+07','2025-02-20 14:41:51.326388+07',NULL),	 
	 (43,'5',162000.0,true,10,'2025-02-25 14:45:27.589323+07','2025-02-25 14:45:27.589323+07',NULL),
	 (44,'5',25000.0,true,11,'2025-02-28 14:41:51.326388+07','2025-02-28 14:41:51.326388+07',NULL),
	 (45,'5',28000.0,true,12,'2025-03-05 14:41:51.326388+07','2025-03-05 14:41:51.326388+07',NULL),
	 (46,'5',22000.0,true,13,'2025-03-09 14:41:51.326388+07','2025-03-09 14:41:51.326388+07',NULL),
	 (47,'5',20000.0,true,14,'2025-03-12 14:41:51.326388+07','2025-03-12 14:41:51.326388+07',NULL),
	 (48,'5',18000.0,true,15,'2025-03-17 14:41:51.326388+07','2025-03-17 14:41:51.326388+07',NULL),
	 (49,'5',180000.0,true,16,'2025-03-19 14:41:51.326388+07','2025-03-19 14:41:51.326388+07',NULL),
	 (50,'5',50000.0,true,17,'2025-03-20 14:41:51.326388+07','2025-03-20 14:41:51.326388+07',NULL),
	 (51,'5',75000.0,true,18,'2025-03-21 14:41:51.326388+07','2025-03-21 14:41:51.326388+07',NULL),
	 (52,'5',65000.0,true,19,'2025-03-23 14:41:51.326388+07','2025-03-23 14:41:51.326388+07',NULL),
	 (53,'5',30000.0,true,20,'2025-03-25 14:45:27.589323+07','2025-03-25 14:45:27.589323+07',NULL),
	 (54,'5',250000.0,true,21,'2025-03-28 14:41:51.326388+07','2025-03-28 14:41:51.326388+07',NULL);

INSERT INTO public.order_items (order_id,product_id,quantity,total_price,created_at,updated_at,deleted_at) VALUES
	 (1,1,4,100000.0,'2024-01-08 14:43:14.940689+07','2024-01-08 14:43:14.940689+07',NULL),
	 (1,23,3,270000.0,'2024-01-08 14:43:14.940689+07','2024-01-08 14:43:14.940689+07',NULL),
	 (1,24,1,220000.0,'2024-01-08 14:43:14.940689+07','2024-01-08 14:43:14.940689+07',NULL),
	 (1,25,1,180000.0,'2024-01-08 14:43:14.940689+07','2024-01-08 14:43:14.940689+07',NULL),
	 (1,26,1,350000.0,'2024-01-08 14:43:14.940689+07','2024-01-08 14:43:14.940689+07',NULL),
	 (2,2,2,150000.0,'2024-01-28 14:43:14.940689+07','2024-01-28 14:43:14.940689+07',NULL),
	 (2,27,1,180000.0,'2024-01-28 14:43:14.940689+07','2024-01-28 14:43:14.940689+07',NULL),
	 (2,28,1,120000.0,'2024-01-28 14:43:14.940689+07','2024-01-28 14:43:14.940689+07',NULL),
	 (2,29,1,9200.0,'2024-01-28 14:43:14.940689+07','2024-01-28 14:43:14.940689+07',NULL),
	 (2,30,1,7000.0,'2024-01-28 14:43:14.940689+07','2024-01-28 14:43:14.940689+07',NULL),
	 (3,3,1,120000.0,'2024-02-08 14:43:14.940689+07','2024-02-08 14:43:14.940689+07',NULL),
	 (4,4,1,350000.0,'2024-02-18 14:43:14.940689+07','2024-02-18 14:43:14.940689+07',NULL),
	 (5,5,1,200000.0,'2024-02-28 14:43:14.940689+07','2024-02-28 14:43:14.940689+07',NULL),
	 (6,6,1,15000.0,'2024-03-08 14:43:14.940689+07','2024-03-08 14:43:14.940689+07',NULL),
	 (7,7,1,8000.0,'2024-03-18 14:43:14.940689+07','2024-03-18 14:43:14.940689+07',NULL),
	 (8,8,1,18000.0,'2024-03-28 14:43:14.940689+07','2024-03-28 14:43:14.940689+07',NULL),
	 (9,9,1,32000.0,'2024-04-08 14:43:14.940689+07','2024-04-08 14:43:14.940689+07',NULL), 
	 (10,10,1,12000.0,'2024-04-18 14:46:05.757678+07','2024-04-18 14:46:05.757678+07',NULL),
	 (10,22,1,150000.0,'2024-04-18 14:46:05.757678+07','2024-04-18 14:46:05.757678+07',NULL), 
	 (11,11,1,25000.0,'2024-04-28 14:43:14.940689+07','2024-04-28 14:43:14.940689+07',NULL),
	 (12,12,1,28000.0,'2024-05-08 14:43:14.940689+07','2024-05-08 14:43:14.940689+07',NULL),
	 (13,13,1,22000.0,'2024-05-18 14:43:14.940689+07','2024-05-18 14:43:14.940689+07',NULL),
	 (14,14,1,20000.0,'2024-05-28 14:43:14.940689+07','2024-05-28 14:43:14.940689+07',NULL),
	 (15,15,1,18000.0,'2024-06-08 14:43:14.940689+07','2024-06-08 14:43:14.940689+07',NULL),
	 (16,16,1,180000.0,'2024-07-08 14:43:14.940689+07','2024-07-08 14:43:14.940689+07',NULL),
	 (17,17,1,50000.0,'2024-08-08 14:43:14.940689+07','2024-08-08 14:43:14.940689+07',NULL),
	 (18,18,1,75000.0,'2024-09-08 14:43:14.940689+07','2024-09-08 14:43:14.940689+07',NULL),
	 (19,19,1,65000.0,'2024-10-08 14:43:14.940689+07','2024-10-08 14:43:14.940689+07',NULL),
	 (20,20,1,30000.0,'2024-11-28 14:46:05.757678+07','2024-11-28 14:46:05.757678+07',NULL),
	 (21,21,1,250000.0,'2024-12-28 14:46:05.757678+07','2024-12-28 14:46:05.757678+07',NULL),
	 (22,1,4,100000.0,'2025-01-02 14:43:14.940689+07','2025-01-02 14:43:14.940689+07',NULL),
	 (22,23,3,270000.0,'2025-01-02 14:43:14.940689+07','2025-01-02 14:43:14.940689+07',NULL),
	 (22,24,1,220000.0,'2025-01-02 14:43:14.940689+07','2025-01-02 14:43:14.940689+07',NULL),
	 (22,25,1,180000.0,'2025-01-02 14:43:14.940689+07','2025-01-02 14:43:14.940689+07',NULL),
	 (22,26,1,350000.0,'2025-01-02 14:43:14.940689+07','2025-01-02 14:43:14.940689+07',NULL),
	 (23,2,2,150000.0,'2025-01-10 14:43:14.940689+07','2025-01-10 14:43:14.940689+07',NULL),
	 (23,27,1,180000.0,'2025-01-10 14:43:14.940689+07','2025-01-10 14:43:14.940689+07',NULL),
	 (23,28,1,120000.0,'2025-01-10 14:43:14.940689+07','2025-01-10 14:43:14.940689+07',NULL),
	 (23,29,1,9200.0,'2025-01-10 14:43:14.940689+07','2025-01-10 14:43:14.940689+07',NULL),
	 (23,30,1,7000.0,'2025-01-10 14:43:14.940689+07','2025-01-10 14:43:14.940689+07',NULL),
	 (24,3,1,120000.0,'2025-01-17 14:43:14.940689+07','2025-01-17 14:43:14.940689+07',NULL),
	 (25,4,1,350000.0,'2025-01-22 14:43:14.940689+07','2025-01-22 14:43:14.940689+07',NULL),
	 (26,5,1,200000.0,'2025-02-01 14:43:14.940689+07','2025-02-01 14:43:14.940689+07',NULL),
	 (27,6,1,15000.0,'2025-02-03 14:43:14.940689+07','2025-02-03 14:43:14.940689+07',NULL),
	 (28,7,1,8000.0,'2025-02-06 14:43:14.940689+07','2025-02-06 14:43:14.940689+07',NULL),
	 (29,8,1,18000.0,'2025-02-11 14:43:14.940689+07','2025-02-11 14:43:14.940689+07',NULL),
	 (30,9,1,32000.0,'2025-02-20 14:43:14.940689+07','2025-02-20 14:43:14.940689+07',NULL), 
	 (31,10,1,12000.0,'2025-02-25 14:46:05.757678+07','2025-02-25 14:46:05.757678+07',NULL),
	 (31,22,1,150000.0,'2025-02-25 14:46:05.757678+07','2025-02-25 14:46:05.757678+07',NULL), 
	 (32,11,1,25000.0,'2025-02-28 14:43:14.940689+07','2025-02-28 14:43:14.940689+07',NULL),
	 (33,12,1,28000.0,'2025-03-05 14:43:14.940689+07','2025-03-05 14:43:14.940689+07',NULL),
	 (34,13,1,22000.0,'2025-03-09 14:43:14.940689+07','2025-03-09 14:43:14.940689+07',NULL),
	 (35,14,1,20000.0,'2025-03-12 14:43:14.940689+07','2025-03-12 14:43:14.940689+07',NULL),
	 (36,15,1,18000.0,'2025-03-17 14:43:14.940689+07','2025-03-17 14:43:14.940689+07',NULL),
	 (37,16,1,180000.0,'2025-03-19 14:43:14.940689+07','2025-03-19 14:43:14.940689+07',NULL),
	 (38,17,1,50000.0,'2025-03-20 14:43:14.940689+07','2025-03-20 14:43:14.940689+07',NULL),
	 (39,18,1,75000.0,'2025-03-21 14:43:14.940689+07','2025-03-21 14:43:14.940689+07',NULL),
	 (40,19,1,65000.0,'2025-03-23 14:43:14.940689+07','2025-03-23 14:43:14.940689+07',NULL),
	 (41,20,1,30000.0,'2025-03-25 14:46:05.757678+07','2025-03-25 14:46:05.757678+07',NULL),
	 (42,21,1,250000.0,'2025-03-28 14:46:05.757678+07','2025-03-28 14:46:05.757678+07',NULL);

INSERT INTO public.mutation_type (origin_type,destination_type,created_at,updated_at,deleted_at) VALUES
	 ('VENDOR','WAREHOUSE','2024-02-28 14:36:43.322499+07','2024-02-28 14:36:43.322499+07',NULL),
	 ('WAREHOUSE','WAREHOUSE','2024-02-28 14:36:43.322499+07','2024-02-28 14:36:43.322499+07',NULL),
	 ('WAREHOUSE','USER','2024-02-28 14:36:43.322499+07','2024-02-28 14:36:43.322499+07',NULL),
	 ('USER','WAREHOUSE','2024-02-28 14:36:43.322499+07','2024-02-28 14:36:43.322499+07',NULL);
	 
INSERT INTO public.mutation_status ("name",created_at,updated_at,deleted_at) VALUES
	 ('PENDING','2024-02-28 14:36:43.322499+07','2024-02-28 14:36:43.322499+07',NULL),
	 ('CANCELED','2024-02-28 14:36:43.322499+07','2024-02-28 14:36:43.322499+07',NULL),
	 ('APPROVED','2024-02-28 14:36:43.322499+07','2024-02-28 14:36:43.322499+07',NULL),
	 ('REJECTED','2024-02-28 14:36:43.322499+07','2024-02-28 14:36:43.322499+07',NULL);
	 
INSERT INTO public.product_stock (warehouse_id,product_id,quantity,"version",created_at,updated_at,deleted_at) VALUES
	 (2,1,90,0,'2024-03-04 14:56:33.731727+07','2024-03-04 14:56:33.731727+07',NULL),
	 (2,2,90,0,'2024-03-04 14:56:42.247492+07','2024-03-04 14:56:42.247492+07',NULL),
	 (2,3,90,0,'2024-03-04 14:56:49.46603+07','2024-03-04 14:56:49.46603+07',NULL),
	 (2,4,90,0,'2024-03-04 14:56:56.604673+07','2024-03-04 14:56:56.604673+07',NULL),
	 (2,5,90,0,'2024-03-04 14:57:04.828867+07','2024-03-04 14:57:04.828867+07',NULL),
	 (2,6,90,0,'2024-03-04 14:57:11.638555+07','2024-03-04 14:57:11.638555+07',NULL),
	 (2,7,90,0,'2024-03-04 14:57:18.696768+07','2024-03-04 14:57:18.696768+07',NULL),
	 (2,8,90,0,'2024-03-04 14:57:24.758156+07','2024-03-04 14:57:24.758156+07',NULL),
	 (2,10,90,0,'2024-03-04 14:57:41.757394+07','2024-03-04 14:57:41.757394+07',NULL),
	 (2,12,44,0,'2024-03-04 14:58:03.688197+07','2024-03-04 14:58:03.688197+07',NULL),
	 (2,13,24,0,'2024-03-04 14:58:21.261793+07','2024-03-04 14:58:21.261793+07',NULL),
	 (5,14,0,2,'2024-03-04 15:04:34.769899+07','2024-03-04 15:04:34.794367+07',NULL),
	 (2,9,89,1,'2024-03-04 14:57:31.113138+07','2024-03-04 15:03:44.444494+07',NULL),
	 (3,10,0,2,'2024-03-04 15:03:52.300199+07','2024-03-04 15:03:52.361792+07',NULL),
	 (3,22,0,2,'2024-03-04 15:03:52.376273+07','2024-03-04 15:03:52.41469+07',NULL),
	 (5,15,0,2,'2024-03-04 15:04:42.044688+07','2024-03-04 15:04:42.069419+07',NULL),
	 (4,12,0,2,'2024-03-04 15:04:16.026992+07','2024-03-04 15:04:16.054005+07',NULL),
	 (4,13,0,2,'2024-03-04 15:04:23.725282+07','2024-03-04 15:04:23.74997+07',NULL),
	 (6,16,0,2,'2024-03-04 15:04:50.833165+07','2024-03-04 15:04:50.859183+07',NULL),
	 (6,17,0,2,'2024-03-04 15:04:58.003632+07','2024-03-04 15:04:58.027773+07',NULL),
	 (7,18,0,2,'2024-03-04 15:05:04.979764+07','2024-03-04 15:05:05.003217+07',NULL),
	 (8,19,9,1,'2024-03-04 15:01:26.845093+07','2024-03-04 15:05:14.177498+07',NULL),
	 (8,20,9,1,'2024-03-04 15:01:24.985894+07','2024-03-04 15:05:22.394628+07',NULL),
	 (9,21,0,2,'2024-03-04 15:05:28.684501+07','2024-03-04 15:05:28.707632+07',NULL),
	 (1,1,2,2,'2024-03-04 14:51:04.778121+07','2025-03-04 16:12:20.841614+07',NULL),
	 (1,23,94,2,'2024-03-04 14:55:06.54771+07','2025-03-04 16:12:20.866279+07',NULL),
	 (1,24,98,2,'2024-03-04 14:55:14.567677+07','2025-03-04 16:12:20.888594+07',NULL),
	 (1,25,98,2,'2024-03-04 14:55:22.304268+07','2025-03-04 16:12:20.911505+07',NULL),
	 (1,26,98,2,'2024-03-04 14:55:30.925873+07','2025-03-04 16:12:20.933126+07',NULL),
	 (1,2,4,3,'2024-03-04 14:51:17.294469+07','2025-03-04 16:13:37.801421+07',NULL),
	 (1,27,97,3,'2024-03-04 14:55:39.334525+07','2025-03-04 16:13:37.822038+07',NULL),
	 (1,28,97,3,'2024-03-04 14:55:47.744497+07','2025-03-04 16:13:37.842138+07',NULL),
	 (1,29,97,3,'2024-03-04 14:55:55.609896+07','2025-03-04 16:13:37.861924+07',NULL),
	 (1,30,97,3,'2024-03-04 14:56:02.892176+07','2025-03-04 16:13:37.88512+07',NULL),
	 (1,3,8,2,'2024-03-04 14:51:26.210538+07','2025-03-04 16:14:03.308642+07',NULL),
	 (1,4,8,2,'2024-03-04 14:51:34.849954+07','2025-03-04 16:14:25.645292+07',NULL),
	 (1,5,8,2,'2024-03-04 14:51:43.16917+07','2025-03-04 16:14:33.985866+07',NULL),
	 (1,6,8,2,'2024-03-04 14:51:53.601019+07','2025-03-04 16:15:23.798509+07',NULL),
	 (1,7,8,2,'2024-03-04 14:52:02.623183+07','2025-03-04 16:15:37.767134+07',NULL),
	 (1,8,8,2,'2024-03-04 14:52:19.745173+07','2025-03-04 16:15:50.877278+07',NULL),
	 (3,11,0,4,'2024-03-04 15:03:59.385008+07','2025-03-04 16:16:25.591839+07',NULL),
	 (5,8,0,2,'2025-03-04 16:15:50.859707+07','2025-03-04 16:15:50.896116+07',NULL),
	 (1,9,9,1,'2024-03-04 14:52:26.87339+07','2025-03-04 16:16:03.310614+07',NULL),
	 (5,9,0,2,'2025-03-04 16:16:03.296087+07','2025-03-04 16:16:03.329793+07',NULL),
	 (1,10,8,2,'2024-03-04 14:52:33.847498+07','2025-03-04 16:16:11.15113+07',NULL),
	 (1,12,54,2,'2024-03-04 14:53:15.588821+07','2025-03-04 16:16:34.102234+07',NULL),
	 (5,10,0,2,'2025-03-04 16:16:11.137687+07','2025-03-04 16:16:11.169467+07',NULL),
	 (1,22,98,2,'2024-03-04 14:54:59.011775+07','2025-03-04 16:16:11.194009+07',NULL),
	 (1,18,98,2,'2024-03-04 14:54:21.243097+07','2025-03-04 16:17:29.820836+07',NULL),
	 (5,22,0,2,'2025-03-04 16:16:11.179745+07','2025-03-04 16:16:11.213687+07',NULL),
	 (1,11,98,2,'2024-03-04 14:53:06.861057+07','2025-03-04 16:16:25.571311+07',NULL),
	 (5,12,0,2,'2025-03-04 16:16:34.086215+07','2025-03-04 16:16:34.120701+07',NULL),
	 (1,13,74,2,'2024-03-04 14:53:24.843502+07','2025-03-04 16:16:43.565342+07',NULL),
	 (6,18,0,2,'2025-03-04 16:17:29.806077+07','2025-03-04 16:17:29.845305+07',NULL),
	 (10,13,0,2,'2025-03-04 16:16:43.550525+07','2025-03-04 16:16:43.583709+07',NULL),
	 (1,14,98,2,'2024-03-04 14:53:47.265256+07','2025-03-04 16:16:51.923549+07',NULL),
	 (10,14,0,2,'2025-03-04 16:16:51.910491+07','2025-03-04 16:16:51.942085+07',NULL),
	 (1,15,98,2,'2024-03-04 14:53:38.06625+07','2025-03-04 16:17:00.28917+07',NULL),
	 (1,19,89,2,'2024-03-04 14:54:29.986116+07','2025-03-04 16:17:39.326242+07',NULL),
	 (4,15,0,2,'2025-03-04 16:17:00.274025+07','2025-03-04 16:17:00.309655+07',NULL),
	 (1,16,98,2,'2024-03-04 14:54:00.876301+07','2025-03-04 16:17:08.664605+07',NULL),
	 (4,16,0,2,'2025-03-04 16:17:08.65053+07','2025-03-04 16:17:08.685746+07',NULL),
	 (1,17,98,2,'2024-03-04 14:54:11.326866+07','2025-03-04 16:17:16.996634+07',NULL),
	 (9,19,0,2,'2025-03-04 16:17:39.31193+07','2025-03-04 16:17:39.343466+07',NULL),
	 (8,17,0,2,'2025-03-04 16:17:16.980338+07','2025-03-04 16:17:17.017026+07',NULL),
	 (1,20,89,2,'2024-03-04 14:54:37.201534+07','2025-03-04 16:17:47.249328+07',NULL),
	 (10,20,0,2,'2025-03-04 16:17:47.23641+07','2025-03-04 16:17:47.268117+07',NULL),
	 (1,21,98,2,'2024-03-04 14:54:51.340015+07','2025-03-04 16:17:54.691078+07',NULL),
	 (10,21,0,2,'2025-03-04 16:17:54.677677+07','2025-03-04 16:17:54.713402+07',NULL);
	 
INSERT INTO public.product_mutation (mutation_type_id,origin_id,destination_id,product_id,quantity,requested_by,processed_by,is_approved,created_at,updated_at,deleted_at) VALUES
	 (1,1,1,1,10,1,2,true,'2024-03-04 14:51:04.732273+07','2024-03-04 14:51:04.732273+07',NULL),
	 (1,1,1,2,10,1,2,true,'2024-03-04 14:51:17.279766+07','2024-03-04 14:51:17.279766+07',NULL),
	 (1,2,1,3,10,1,2,true,'2024-03-04 14:51:26.197506+07','2024-03-04 14:51:26.197506+07',NULL),
	 (1,2,1,4,10,1,2,true,'2024-03-04 14:51:34.838516+07','2024-03-04 14:51:34.838516+07',NULL),
	 (1,1,1,5,10,1,2,true,'2024-03-04 14:51:43.157239+07','2024-03-04 14:51:43.157239+07',NULL),
	 (1,2,1,6,10,1,2,true,'2024-03-04 14:51:53.588477+07','2024-03-04 14:51:53.588477+07',NULL),
	 (1,1,1,7,10,1,2,true,'2024-03-04 14:52:02.607572+07','2024-03-04 14:52:02.607572+07',NULL),
	 (1,1,1,8,10,1,2,true,'2024-03-04 14:52:19.736663+07','2024-03-04 14:52:19.736663+07',NULL),
	 (1,1,1,9,10,1,2,true,'2024-03-04 14:52:26.86505+07','2024-03-04 14:52:26.86505+07',NULL),
	 (1,2,1,10,10,1,2,true,'2024-03-04 14:52:33.839442+07','2024-03-04 14:52:33.839442+07',NULL),
	 (1,1,1,11,100,1,2,true,'2024-03-04 14:53:06.852959+07','2024-03-04 14:53:06.852959+07',NULL),
	 (1,2,1,12,56,1,2,true,'2024-03-04 14:53:15.581142+07','2024-03-04 14:53:15.581142+07',NULL),
	 (1,2,1,13,76,1,2,true,'2024-03-04 14:53:24.83499+07','2024-03-04 14:53:24.83499+07',NULL),
	 (1,1,1,15,100,1,2,true,'2024-03-04 14:53:38.058928+07','2024-03-04 14:53:38.058928+07',NULL),
	 (1,1,1,14,100,1,2,true,'2024-03-04 14:53:47.257353+07','2024-03-04 14:53:47.257353+07',NULL),
	 (1,2,1,16,100,1,2,true,'2024-03-04 14:54:00.869232+07','2024-03-04 14:54:00.869232+07',NULL),
	 (1,2,1,17,100,1,2,true,'2024-03-04 14:54:11.320582+07','2024-03-04 14:54:11.320582+07',NULL),
	 (1,2,1,18,100,1,2,true,'2024-03-04 14:54:21.234021+07','2024-03-04 14:54:21.234021+07',NULL),
	 (1,2,1,19,100,1,2,true,'2024-03-04 14:54:29.978254+07','2024-03-04 14:54:29.978773+07',NULL),
	 (1,1,1,20,100,1,2,true,'2024-03-04 14:54:37.194665+07','2024-03-04 14:54:37.194665+07',NULL),
	 (1,1,1,21,100,1,2,true,'2024-03-04 14:54:51.331137+07','2024-03-04 14:54:51.331137+07',NULL),
	 (1,2,1,22,100,1,2,true,'2024-03-04 14:54:59.003823+07','2024-03-04 14:54:59.003823+07',NULL),
	 (1,1,1,23,100,1,2,true,'2024-03-04 14:55:06.540354+07','2024-03-04 14:55:06.540354+07',NULL),
	 (1,2,1,24,100,1,2,true,'2024-03-04 14:55:14.56288+07','2024-03-04 14:55:14.56288+07',NULL),
	 (1,1,1,25,100,1,2,true,'2024-03-04 14:55:22.296561+07','2024-03-04 14:55:22.296561+07',NULL),
	 (1,1,1,26,100,1,2,true,'2024-03-04 14:55:30.891897+07','2024-03-04 14:55:30.891897+07',NULL),
	 (1,1,1,27,100,1,2,true,'2024-03-04 14:55:39.326126+07','2024-03-04 14:55:39.326126+07',NULL),
	 (1,2,1,28,100,1,2,true,'2024-03-04 14:55:47.738709+07','2024-03-04 14:55:47.738709+07',NULL),
	 (1,1,1,29,100,1,2,true,'2024-03-04 14:55:55.602615+07','2024-03-04 14:55:55.602615+07',NULL),
	 (1,1,1,30,100,1,2,true,'2024-03-04 14:56:02.88468+07','2024-03-04 14:56:02.88468+07',NULL),
	 (1,1,2,1,90,1,2,true,'2024-03-04 14:56:33.726432+07','2024-03-04 14:56:33.726432+07',NULL),
	 (1,1,2,2,90,1,2,true,'2024-03-04 14:56:42.239834+07','2024-03-04 14:56:42.239834+07',NULL),
	 (1,1,2,3,90,1,2,true,'2024-03-04 14:56:49.460767+07','2024-03-04 14:56:49.460767+07',NULL),
	 (1,1,2,4,90,1,2,true,'2024-03-04 14:56:56.597707+07','2024-03-04 14:56:56.597707+07',NULL),
	 (1,1,2,5,90,1,2,true,'2024-03-04 14:57:04.820981+07','2024-03-04 14:57:04.820981+07',NULL),
	 (1,1,2,6,90,1,2,true,'2024-03-04 14:57:11.633345+07','2024-03-04 14:57:11.633345+07',NULL),
	 (1,1,2,7,90,1,2,true,'2024-03-04 14:57:18.690484+07','2024-03-04 14:57:18.690484+07',NULL),
	 (1,2,2,8,90,1,2,true,'2024-03-04 14:57:24.752868+07','2024-03-04 14:57:24.752868+07',NULL),
	 (1,1,2,9,90,1,2,true,'2024-03-04 14:57:31.10732+07','2024-03-04 14:57:31.10732+07',NULL),
	 (1,2,2,10,90,1,2,true,'2024-03-04 14:57:41.750043+07','2024-03-04 14:57:41.750043+07',NULL),
	 (1,2,2,12,44,1,2,true,'2024-03-04 14:58:03.681825+07','2024-03-04 14:58:03.681825+07',NULL),
	 (1,1,2,13,24,1,2,true,'2024-03-04 14:58:21.256978+07','2024-03-04 14:58:21.256978+07',NULL),
	 (2,1,8,20,10,1,1,true,'2024-03-04 15:01:17.332924+07','2024-03-04 15:01:24.943188+07',NULL),
	 (2,1,8,19,10,1,1,true,'2024-03-04 15:00:31.165845+07','2024-03-04 15:01:26.834584+07',NULL),
	 (3,1,34,1,4,2,2,true,'2024-03-04 15:02:30.625284+07','2024-03-04 15:02:30.625284+07',NULL),
	 (3,1,34,23,3,2,2,true,'2024-03-04 15:02:30.643523+07','2024-03-04 15:02:30.643523+07',NULL),
	 (3,1,34,24,1,2,2,true,'2024-03-04 15:02:30.658235+07','2024-03-04 15:02:30.658235+07',NULL),
	 (3,1,34,25,1,2,2,true,'2024-03-04 15:02:30.674048+07','2024-03-04 15:02:30.674048+07',NULL),
	 (3,1,34,26,1,2,2,true,'2024-03-04 15:02:30.690594+07','2024-03-04 15:02:30.690594+07',NULL),
	 (3,1,35,2,2,2,2,true,'2024-03-04 15:02:41.238051+07','2024-03-04 15:02:41.238051+07',NULL),
	 (3,1,35,27,1,2,2,true,'2024-03-04 15:02:41.251731+07','2024-03-04 15:02:41.251731+07',NULL),
	 (3,1,35,28,1,2,2,true,'2024-03-04 15:02:41.26599+07','2024-03-04 15:02:41.26599+07',NULL),
	 (3,1,35,29,1,2,2,true,'2024-03-04 15:02:41.281116+07','2024-03-04 15:02:41.281116+07',NULL),
	 (3,1,35,30,1,2,2,true,'2024-03-04 15:02:41.296434+07','2024-03-04 15:02:41.296434+07',NULL),
	 (3,1,36,2,2,2,2,true,'2024-03-04 15:02:51.302704+07','2024-03-04 15:02:51.302704+07',NULL),
	 (3,1,36,27,1,2,2,true,'2024-03-04 15:02:51.319602+07','2024-03-04 15:02:51.319602+07',NULL),
	 (3,1,36,28,1,2,2,true,'2024-03-04 15:02:51.33537+07','2024-03-04 15:02:51.33537+07',NULL),
	 (3,1,36,29,1,2,2,true,'2024-03-04 15:02:51.351065+07','2024-03-04 15:02:51.351065+07',NULL),
	 (3,1,36,30,1,2,2,true,'2024-03-04 15:02:51.367033+07','2024-03-04 15:02:51.367033+07',NULL),
	 (3,1,37,3,1,2,2,true,'2024-03-04 15:02:58.802146+07','2024-03-04 15:02:58.802677+07',NULL),
	 (3,1,38,4,1,2,2,true,'2024-03-04 15:03:06.811416+07','2024-03-04 15:03:06.811416+07',NULL),
	 (3,1,39,5,1,2,2,true,'2024-03-04 15:03:14.463408+07','2024-03-04 15:03:14.463408+07',NULL),
	 (3,1,40,6,1,2,2,true,'2024-03-04 15:03:21.43933+07','2024-03-04 15:03:21.43933+07',NULL),
	 (3,1,41,7,1,2,2,true,'2024-03-04 15:03:28.933717+07','2024-03-04 15:03:28.933717+07',NULL),
	 (3,1,42,8,1,2,2,true,'2024-03-04 15:03:36.773068+07','2024-03-04 15:03:36.773068+07',NULL),
	 (3,2,43,9,1,2,2,true,'2024-03-04 15:03:44.441332+07','2024-03-04 15:03:44.441332+07',NULL),
	 (2,1,3,10,1,2,2,true,'2024-03-04 15:03:52.330574+07','2024-03-04 15:03:52.330574+07',NULL),
	 (3,3,44,10,1,2,2,true,'2024-03-04 15:03:52.354648+07','2024-03-04 15:03:52.354648+07',NULL),
	 (2,1,3,22,1,2,2,true,'2024-03-04 15:03:52.389451+07','2024-03-04 15:03:52.389451+07',NULL),
	 (3,3,44,22,1,2,2,true,'2024-03-04 15:03:52.403255+07','2024-03-04 15:03:52.403255+07',NULL),
	 (2,1,3,11,1,2,2,true,'2024-03-04 15:03:59.395574+07','2024-03-04 15:03:59.395574+07',NULL),
	 (3,3,45,11,1,2,2,true,'2024-03-04 15:03:59.408123+07','2024-03-04 15:03:59.408123+07',NULL),
	 (2,1,4,12,1,2,2,true,'2024-03-04 15:04:16.036519+07','2024-03-04 15:04:16.036519+07',NULL),
	 (3,4,46,12,1,2,2,true,'2024-03-04 15:04:16.050338+07','2024-03-04 15:04:16.050338+07',NULL),
	 (2,1,4,13,1,2,2,true,'2024-03-04 15:04:23.733813+07','2024-03-04 15:04:23.734338+07',NULL),
	 (3,4,47,13,1,2,2,true,'2024-03-04 15:04:23.746523+07','2024-03-04 15:04:23.746523+07',NULL),
	 (2,1,5,14,1,2,2,true,'2024-03-04 15:04:34.77827+07','2024-03-04 15:04:34.77827+07',NULL),
	 (3,5,48,14,1,2,2,true,'2024-03-04 15:04:34.787247+07','2024-03-04 15:04:34.787247+07',NULL),
	 (2,1,5,15,1,2,2,true,'2024-03-04 15:04:42.053593+07','2024-03-04 15:04:42.053593+07',NULL),
	 (3,5,49,15,1,2,2,true,'2024-03-04 15:04:42.062008+07','2024-03-04 15:04:42.062008+07',NULL),
	 (2,1,6,16,1,2,2,true,'2024-03-04 15:04:50.841693+07','2024-03-04 15:04:50.841693+07',NULL),
	 (3,6,50,16,1,2,2,true,'2024-03-04 15:04:50.850138+07','2024-03-04 15:04:50.850138+07',NULL),
	 (2,1,6,17,1,2,2,true,'2024-03-04 15:04:58.011831+07','2024-03-04 15:04:58.011831+07',NULL),
	 (3,6,51,17,1,2,2,true,'2024-03-04 15:04:58.020249+07','2024-03-04 15:04:58.020249+07',NULL),
	 (2,1,7,18,1,2,2,true,'2024-03-04 15:05:04.987118+07','2024-03-04 15:05:04.987118+07',NULL),
	 (3,7,52,18,1,2,2,true,'2024-03-04 15:05:04.995804+07','2024-03-04 15:05:04.995804+07',NULL),
	 (3,8,53,19,1,2,2,true,'2024-03-04 15:05:14.172171+07','2024-03-04 15:05:14.172171+07',NULL),
	 (3,8,54,20,1,2,2,true,'2024-03-04 15:05:22.390452+07','2024-03-04 15:05:22.390452+07',NULL),
	 (2,1,9,21,1,2,2,true,'2024-03-04 15:05:28.691798+07','2024-03-04 15:05:28.691798+07',NULL),
	 (3,9,55,21,1,2,2,true,'2024-03-04 15:05:28.701321+07','2024-03-04 15:05:28.701321+07',NULL),
	 (3,1,34,1,4,2,2,true,'2025-03-04 16:12:20.832137+07','2025-03-04 16:12:20.832137+07',NULL),
	 (3,1,34,23,3,2,2,true,'2025-03-04 16:12:20.860056+07','2025-03-04 16:12:20.860056+07',NULL),
	 (3,1,34,24,1,2,2,true,'2025-03-04 16:12:20.88133+07','2025-03-04 16:12:20.88133+07',NULL),
	 (3,1,34,25,1,2,2,true,'2025-03-04 16:12:20.903751+07','2025-03-04 16:12:20.903751+07',NULL),
	 (3,1,34,26,1,2,2,true,'2025-03-04 16:12:20.926081+07','2025-03-04 16:12:20.926081+07',NULL),
	 (3,1,35,2,2,2,2,true,'2025-03-04 16:13:37.794319+07','2025-03-04 16:13:37.794319+07',NULL),
	 (3,1,35,27,1,2,2,true,'2025-03-04 16:13:37.815498+07','2025-03-04 16:13:37.815498+07',NULL),
	 (3,1,35,28,1,2,2,true,'2025-03-04 16:13:37.835701+07','2025-03-04 16:13:37.835701+07',NULL),
	 (3,1,35,29,1,2,2,true,'2025-03-04 16:13:37.855687+07','2025-03-04 16:13:37.855687+07',NULL),
	 (3,1,35,30,1,2,2,true,'2025-03-04 16:13:37.877392+07','2025-03-04 16:13:37.877392+07',NULL),
	 (3,1,36,3,1,2,2,true,'2025-03-04 16:14:03.3001+07','2025-03-04 16:14:03.3001+07',NULL),
	 (3,1,37,4,1,2,2,true,'2025-03-04 16:14:25.640384+07','2025-03-04 16:14:25.640384+07',NULL),
	 (3,1,38,5,1,2,2,true,'2025-03-04 16:14:33.980447+07','2025-03-04 16:14:33.980447+07',NULL),
	 (3,1,39,6,1,2,2,true,'2025-03-04 16:15:23.793104+07','2025-03-04 16:15:23.793104+07',NULL),
	 (3,1,40,7,1,2,2,true,'2025-03-04 16:15:37.760773+07','2025-03-04 16:15:37.760773+07',NULL),
	 (2,1,5,8,1,2,2,true,'2025-03-04 16:15:50.873691+07','2025-03-04 16:15:50.873691+07',NULL),
	 (3,5,41,8,1,2,2,true,'2025-03-04 16:15:50.890069+07','2025-03-04 16:15:50.890069+07',NULL),
	 (2,1,5,9,1,2,2,true,'2025-03-04 16:16:03.307344+07','2025-03-04 16:16:03.307344+07',NULL),
	 (3,5,42,9,1,2,2,true,'2025-03-04 16:16:03.323857+07','2025-03-04 16:16:03.323857+07',NULL),
	 (2,1,5,10,1,2,2,true,'2025-03-04 16:16:11.148564+07','2025-03-04 16:16:11.148564+07',NULL),
	 (3,5,43,10,1,2,2,true,'2025-03-04 16:16:11.1645+07','2025-03-04 16:16:11.1645+07',NULL),
	 (2,1,5,22,1,2,2,true,'2025-03-04 16:16:11.190128+07','2025-03-04 16:16:11.190128+07',NULL),
	 (3,5,43,22,1,2,2,true,'2025-03-04 16:16:11.202952+07','2025-03-04 16:16:11.202952+07',NULL),
	 (2,1,3,11,1,2,2,true,'2025-03-04 16:16:25.567223+07','2025-03-04 16:16:25.567223+07',NULL),
	 (3,3,44,11,1,2,2,true,'2025-03-04 16:16:25.580611+07','2025-03-04 16:16:25.580611+07',NULL),
	 (2,1,5,12,1,2,2,true,'2025-03-04 16:16:34.098115+07','2025-03-04 16:16:34.098115+07',NULL),
	 (3,5,45,12,1,2,2,true,'2025-03-04 16:16:34.115764+07','2025-03-04 16:16:34.115764+07',NULL),
	 (2,1,10,13,1,2,2,true,'2025-03-04 16:16:43.561039+07','2025-03-04 16:16:43.561039+07',NULL),
	 (3,10,46,13,1,2,2,true,'2025-03-04 16:16:43.57882+07','2025-03-04 16:16:43.57882+07',NULL),
	 (2,1,10,14,1,2,2,true,'2025-03-04 16:16:51.920871+07','2025-03-04 16:16:51.920871+07',NULL),
	 (3,10,47,14,1,2,2,true,'2025-03-04 16:16:51.931941+07','2025-03-04 16:16:51.931941+07',NULL),
	 (2,1,4,15,1,2,2,true,'2025-03-04 16:17:00.285992+07','2025-03-04 16:17:00.285992+07',NULL),
	 (3,4,48,15,1,2,2,true,'2025-03-04 16:17:00.29902+07','2025-03-04 16:17:00.29902+07',NULL),
	 (2,1,4,16,1,2,2,true,'2025-03-04 16:17:08.660321+07','2025-03-04 16:17:08.660321+07',NULL),
	 (3,4,49,16,1,2,2,true,'2025-03-04 16:17:08.673512+07','2025-03-04 16:17:08.673512+07',NULL),
	 (2,1,8,17,1,2,2,true,'2025-03-04 16:17:16.990769+07','2025-03-04 16:17:16.990769+07',NULL),
	 (3,8,50,17,1,2,2,true,'2025-03-04 16:17:17.005977+07','2025-03-04 16:17:17.005977+07',NULL),
	 (2,1,6,18,1,2,2,true,'2025-03-04 16:17:29.81743+07','2025-03-04 16:17:29.81743+07',NULL),
	 (3,6,51,18,1,2,2,true,'2025-03-04 16:17:29.830379+07','2025-03-04 16:17:29.830379+07',NULL),
	 (2,1,9,19,1,2,2,true,'2025-03-04 16:17:39.322492+07','2025-03-04 16:17:39.322492+07',NULL),
	 (3,9,52,19,1,2,2,true,'2025-03-04 16:17:39.338573+07','2025-03-04 16:17:39.338573+07',NULL),
	 (2,1,10,20,1,2,2,true,'2025-03-04 16:17:47.24602+07','2025-03-04 16:17:47.24602+07',NULL),
	 (3,10,53,20,1,2,2,true,'2025-03-04 16:17:47.263045+07','2025-03-04 16:17:47.263045+07',NULL),
	 (2,1,10,21,1,2,2,true,'2025-03-04 16:17:54.687511+07','2025-03-04 16:17:54.687511+07',NULL),
	 (3,10,54,21,1,2,2,true,'2025-03-04 16:17:54.701493+07','2025-03-04 16:17:54.701493+07',NULL);
	 
INSERT INTO public.product_mutation_log (product_mutation_id,mutation_status_id,created_at,updated_at,deleted_at) VALUES
	 (1,3,'2024-03-04 14:51:04.752354+07','2024-03-04 14:51:04.752354+07',NULL),
	 (2,3,'2024-03-04 14:51:17.2869+07','2024-03-04 14:51:17.2869+07',NULL),
	 (3,3,'2024-03-04 14:51:26.20463+07','2024-03-04 14:51:26.20463+07',NULL),
	 (4,3,'2024-03-04 14:51:34.845102+07','2024-03-04 14:51:34.845102+07',NULL),
	 (5,3,'2024-03-04 14:51:43.163184+07','2024-03-04 14:51:43.163184+07',NULL),
	 (6,3,'2024-03-04 14:51:53.595075+07','2024-03-04 14:51:53.595075+07',NULL),
	 (7,3,'2024-03-04 14:52:02.614956+07','2024-03-04 14:52:02.614956+07',NULL),
	 (8,3,'2024-03-04 14:52:19.740979+07','2024-03-04 14:52:19.740979+07',NULL),
	 (9,3,'2024-03-04 14:52:26.868728+07','2024-03-04 14:52:26.868728+07',NULL),
	 (10,3,'2024-03-04 14:52:33.843642+07','2024-03-04 14:52:33.843642+07',NULL),
	 (11,3,'2024-03-04 14:53:06.856635+07','2024-03-04 14:53:06.856635+07',NULL),
	 (12,3,'2024-03-04 14:53:15.584874+07','2024-03-04 14:53:15.584874+07',NULL),
	 (13,3,'2024-03-04 14:53:24.838719+07','2024-03-04 14:53:24.838719+07',NULL),
	 (14,3,'2024-03-04 14:53:38.062587+07','2024-03-04 14:53:38.062587+07',NULL),
	 (15,3,'2024-03-04 14:53:47.261024+07','2024-03-04 14:53:47.261024+07',NULL),
	 (16,3,'2024-03-04 14:54:00.872901+07','2024-03-04 14:54:00.872901+07',NULL),
	 (17,3,'2024-03-04 14:54:11.324243+07','2024-03-04 14:54:11.324243+07',NULL),
	 (18,3,'2024-03-04 14:54:21.237679+07','2024-03-04 14:54:21.237679+07',NULL),
	 (19,3,'2024-03-04 14:54:29.981927+07','2024-03-04 14:54:29.981927+07',NULL),
	 (20,3,'2024-03-04 14:54:37.197866+07','2024-03-04 14:54:37.197866+07',NULL),
	 (21,3,'2024-03-04 14:54:51.335428+07','2024-03-04 14:54:51.335428+07',NULL),
	 (22,3,'2024-03-04 14:54:59.007508+07','2024-03-04 14:54:59.007508+07',NULL),
	 (23,3,'2024-03-04 14:55:06.544023+07','2024-03-04 14:55:06.544023+07',NULL),
	 (24,3,'2024-03-04 14:55:14.565493+07','2024-03-04 14:55:14.565493+07',NULL),
	 (25,3,'2024-03-04 14:55:22.300276+07','2024-03-04 14:55:22.300276+07',NULL),
	 (26,3,'2024-03-04 14:55:30.916891+07','2024-03-04 14:55:30.916891+07',NULL),
	 (27,3,'2024-03-04 14:55:39.330356+07','2024-03-04 14:55:39.330356+07',NULL),
	 (28,3,'2024-03-04 14:55:47.741338+07','2024-03-04 14:55:47.741338+07',NULL),
	 (29,3,'2024-03-04 14:55:55.606227+07','2024-03-04 14:55:55.606227+07',NULL),
	 (30,3,'2024-03-04 14:56:02.888366+07','2024-03-04 14:56:02.888366+07',NULL),
	 (31,3,'2024-03-04 14:56:33.728515+07','2024-03-04 14:56:33.728515+07',NULL),
	 (32,3,'2024-03-04 14:56:42.243052+07','2024-03-04 14:56:42.243052+07',NULL),
	 (33,3,'2024-03-04 14:56:49.462859+07','2024-03-04 14:56:49.462859+07',NULL),
	 (34,3,'2024-03-04 14:56:56.600873+07','2024-03-04 14:56:56.600873+07',NULL),
	 (35,3,'2024-03-04 14:57:04.825217+07','2024-03-04 14:57:04.825217+07',NULL),
	 (36,3,'2024-03-04 14:57:11.635952+07','2024-03-04 14:57:11.635952+07',NULL),
	 (37,3,'2024-03-04 14:57:18.693625+07','2024-03-04 14:57:18.693625+07',NULL),
	 (38,3,'2024-03-04 14:57:24.755507+07','2024-03-04 14:57:24.755507+07',NULL),
	 (39,3,'2024-03-04 14:57:31.110527+07','2024-03-04 14:57:31.110527+07',NULL),
	 (40,3,'2024-03-04 14:57:41.75371+07','2024-03-04 14:57:41.75371+07',NULL),
	 (41,3,'2024-03-04 14:58:03.684982+07','2024-03-04 14:58:03.684982+07',NULL),
	 (42,3,'2024-03-04 14:58:21.259076+07','2024-03-04 14:58:21.259076+07',NULL),
	 (43,1,'2024-03-04 15:00:31.170152+07','2024-03-04 15:00:31.170152+07',NULL),
	 (44,1,'2024-03-04 15:01:17.335562+07','2024-03-04 15:01:17.335562+07',NULL),
	 (44,3,'2024-03-04 15:01:24.966364+07','2024-03-04 15:01:24.966364+07',NULL),
	 (43,3,'2024-03-04 15:01:26.839321+07','2024-03-04 15:01:26.839321+07',NULL),
	 (45,3,'2024-03-04 15:02:30.626332+07','2024-03-04 15:02:30.626332+07',NULL),
	 (46,3,'2024-03-04 15:02:30.644045+07','2024-03-04 15:02:30.644045+07',NULL),
	 (47,3,'2024-03-04 15:02:30.659312+07','2024-03-04 15:02:30.659312+07',NULL),
	 (48,3,'2024-03-04 15:02:30.67457+07','2024-03-04 15:02:30.67457+07',NULL),
	 (49,3,'2024-03-04 15:02:30.691642+07','2024-03-04 15:02:30.691642+07',NULL),
	 (50,3,'2024-03-04 15:02:41.238568+07','2024-03-04 15:02:41.238568+07',NULL),
	 (51,3,'2024-03-04 15:02:41.252769+07','2024-03-04 15:02:41.252769+07',NULL),
	 (52,3,'2024-03-04 15:02:41.26704+07','2024-03-04 15:02:41.26704+07',NULL),
	 (53,3,'2024-03-04 15:02:41.28164+07','2024-03-04 15:02:41.28164+07',NULL),
	 (54,3,'2024-03-04 15:02:41.298088+07','2024-03-04 15:02:41.298088+07',NULL),
	 (55,3,'2024-03-04 15:02:51.303753+07','2024-03-04 15:02:51.303753+07',NULL),
	 (56,3,'2024-03-04 15:02:51.320176+07','2024-03-04 15:02:51.320176+07',NULL),
	 (57,3,'2024-03-04 15:02:51.336431+07','2024-03-04 15:02:51.336431+07',NULL),
	 (58,3,'2024-03-04 15:02:51.352103+07','2024-03-04 15:02:51.352103+07',NULL),
	 (59,3,'2024-03-04 15:02:51.368082+07','2024-03-04 15:02:51.368082+07',NULL),
	 (60,3,'2024-03-04 15:02:58.803201+07','2024-03-04 15:02:58.803201+07',NULL),
	 (61,3,'2024-03-04 15:03:06.812484+07','2024-03-04 15:03:06.812484+07',NULL),
	 (62,3,'2024-03-04 15:03:14.46446+07','2024-03-04 15:03:14.46446+07',NULL),
	 (63,3,'2024-03-04 15:03:21.440362+07','2024-03-04 15:03:21.440362+07',NULL),
	 (64,3,'2024-03-04 15:03:28.93477+07','2024-03-04 15:03:28.93477+07',NULL),
	 (65,3,'2024-03-04 15:03:36.774127+07','2024-03-04 15:03:36.774127+07',NULL),
	 (66,3,'2024-03-04 15:03:44.441852+07','2024-03-04 15:03:44.441852+07',NULL),
	 (67,3,'2024-03-04 15:03:52.33214+07','2024-03-04 15:03:52.33214+07',NULL),
	 (68,3,'2024-03-04 15:03:52.356499+07','2024-03-04 15:03:52.356499+07',NULL),
	 (69,3,'2024-03-04 15:03:52.391069+07','2024-03-04 15:03:52.391069+07',NULL),
	 (70,3,'2024-03-04 15:03:52.40432+07','2024-03-04 15:03:52.40432+07',NULL),
	 (71,3,'2024-03-04 15:03:59.396636+07','2024-03-04 15:03:59.396636+07',NULL),
	 (72,3,'2024-03-04 15:03:59.408643+07','2024-03-04 15:03:59.408643+07',NULL),
	 (73,3,'2024-03-04 15:04:16.037568+07','2024-03-04 15:04:16.037568+07',NULL),
	 (74,3,'2024-03-04 15:04:16.050861+07','2024-03-04 15:04:16.050861+07',NULL),
	 (75,3,'2024-03-04 15:04:23.734848+07','2024-03-04 15:04:23.734848+07',NULL),
	 (76,3,'2024-03-04 15:04:23.747577+07','2024-03-04 15:04:23.747577+07',NULL),
	 (77,3,'2024-03-04 15:04:34.778786+07','2024-03-04 15:04:34.778786+07',NULL),
	 (78,3,'2024-03-04 15:04:34.788297+07','2024-03-04 15:04:34.788297+07',NULL),
	 (79,3,'2024-03-04 15:04:42.054637+07','2024-03-04 15:04:42.054637+07',NULL),
	 (80,3,'2024-03-04 15:04:42.062529+07','2024-03-04 15:04:42.062529+07',NULL),
	 (81,3,'2024-03-04 15:04:50.842775+07','2024-03-04 15:04:50.842775+07',NULL),
	 (82,3,'2024-03-04 15:04:50.851196+07','2024-03-04 15:04:50.851196+07',NULL),
	 (83,3,'2024-03-04 15:04:58.012893+07','2024-03-04 15:04:58.012893+07',NULL),
	 (84,3,'2024-03-04 15:04:58.021303+07','2024-03-04 15:04:58.021303+07',NULL),
	 (85,3,'2024-03-04 15:05:04.988456+07','2024-03-04 15:05:04.988456+07',NULL),
	 (86,3,'2024-03-04 15:05:04.996875+07','2024-03-04 15:05:04.996875+07',NULL),
	 (87,3,'2024-03-04 15:05:14.173222+07','2024-03-04 15:05:14.173222+07',NULL),
	 (88,3,'2024-03-04 15:05:22.39097+07','2024-03-04 15:05:22.39097+07',NULL),
	 (89,3,'2024-03-04 15:05:28.692882+07','2024-03-04 15:05:28.692882+07',NULL),
	 (90,3,'2024-03-04 15:05:28.701828+07','2024-03-04 15:05:28.701828+07',NULL),
	 (91,3,'2025-03-04 16:12:20.834377+07','2025-03-04 16:12:20.834377+07',NULL),
	 (92,3,'2025-03-04 16:12:20.8612+07','2025-03-04 16:12:20.8612+07',NULL),
	 (93,3,'2025-03-04 16:12:20.882967+07','2025-03-04 16:12:20.882967+07',NULL),
	 (94,3,'2025-03-04 16:12:20.906005+07','2025-03-04 16:12:20.906005+07',NULL),
	 (95,3,'2025-03-04 16:12:20.92769+07','2025-03-04 16:12:20.92769+07',NULL),
	 (96,3,'2025-03-04 16:13:37.796016+07','2025-03-04 16:13:37.796016+07',NULL),
	 (97,3,'2025-03-04 16:13:37.816881+07','2025-03-04 16:13:37.816881+07',NULL),
	 (98,3,'2025-03-04 16:13:37.836793+07','2025-03-04 16:13:37.836793+07',NULL),
	 (99,3,'2025-03-04 16:13:37.856833+07','2025-03-04 16:13:37.856833+07',NULL),
	 (100,3,'2025-03-04 16:13:37.879617+07','2025-03-04 16:13:37.879617+07',NULL),
	 (101,3,'2025-03-04 16:14:03.301679+07','2025-03-04 16:14:03.301679+07',NULL),
	 (102,3,'2025-03-04 16:14:25.64154+07','2025-03-04 16:14:25.64154+07',NULL),
	 (103,3,'2025-03-04 16:14:33.981492+07','2025-03-04 16:14:33.981492+07',NULL),
	 (104,3,'2025-03-04 16:15:23.794747+07','2025-03-04 16:15:23.794747+07',NULL),
	 (105,3,'2025-03-04 16:15:37.762896+07','2025-03-04 16:15:37.762896+07',NULL),
	 (106,3,'2025-03-04 16:15:50.875074+07','2025-03-04 16:15:50.875074+07',NULL),
	 (107,3,'2025-03-04 16:15:50.891783+07','2025-03-04 16:15:50.891783+07',NULL),
	 (108,3,'2025-03-04 16:16:03.308437+07','2025-03-04 16:16:03.308437+07',NULL),
	 (109,3,'2025-03-04 16:16:03.324941+07','2025-03-04 16:16:03.324941+07',NULL),
	 (110,3,'2025-03-04 16:16:11.150304+07','2025-03-04 16:16:11.150304+07',NULL),
	 (111,3,'2025-03-04 16:16:11.16562+07','2025-03-04 16:16:11.16562+07',NULL),
	 (112,3,'2025-03-04 16:16:11.191813+07','2025-03-04 16:16:11.191813+07',NULL),
	 (113,3,'2025-03-04 16:16:11.204035+07','2025-03-04 16:16:11.204035+07',NULL),
	 (114,3,'2025-03-04 16:16:25.56877+07','2025-03-04 16:16:25.56877+07',NULL),
	 (115,3,'2025-03-04 16:16:25.582181+07','2025-03-04 16:16:25.582181+07',NULL),
	 (116,3,'2025-03-04 16:16:34.09968+07','2025-03-04 16:16:34.09968+07',NULL),
	 (117,3,'2025-03-04 16:16:34.116887+07','2025-03-04 16:16:34.116887+07',NULL),
	 (118,3,'2025-03-04 16:16:43.562643+07','2025-03-04 16:16:43.562643+07',NULL),
	 (119,3,'2025-03-04 16:16:43.5799+07','2025-03-04 16:16:43.5799+07',NULL),
	 (120,3,'2025-03-04 16:16:51.921937+07','2025-03-04 16:16:51.921937+07',NULL),
	 (121,3,'2025-03-04 16:16:51.933556+07','2025-03-04 16:16:51.933556+07',NULL),
	 (122,3,'2025-03-04 16:17:00.28754+07','2025-03-04 16:17:00.28754+07',NULL),
	 (123,3,'2025-03-04 16:17:00.300066+07','2025-03-04 16:17:00.300066+07',NULL),
	 (124,3,'2025-03-04 16:17:08.661962+07','2025-03-04 16:17:08.661962+07',NULL),
	 (125,3,'2025-03-04 16:17:08.675024+07','2025-03-04 16:17:08.675024+07',NULL),
	 (126,3,'2025-03-04 16:17:16.994506+07','2025-03-04 16:17:16.994506+07',NULL),
	 (127,3,'2025-03-04 16:17:17.007076+07','2025-03-04 16:17:17.007076+07',NULL),
	 (128,3,'2025-03-04 16:17:29.81902+07','2025-03-04 16:17:29.81902+07',NULL),
	 (129,3,'2025-03-04 16:17:29.832468+07','2025-03-04 16:17:29.832468+07',NULL),
	 (130,3,'2025-03-04 16:17:39.324095+07','2025-03-04 16:17:39.324095+07',NULL),
	 (131,3,'2025-03-04 16:17:39.339655+07','2025-03-04 16:17:39.339655+07',NULL),
	 (132,3,'2025-03-04 16:17:47.247075+07','2025-03-04 16:17:47.247075+07',NULL),
	 (133,3,'2025-03-04 16:17:47.264266+07','2025-03-04 16:17:47.264266+07',NULL),
	 (134,3,'2025-03-04 16:17:54.688522+07','2025-03-04 16:17:54.688522+07',NULL),
	 (135,3,'2025-03-04 16:17:54.702569+07','2025-03-04 16:17:54.702569+07',NULL);
	 
INSERT INTO public.product_mutation_order (order_id,ordered_product_mutation_id,returned_product_mutation_id,created_at,updated_at,deleted_at) VALUES
	 (1,45,NULL,'2024-03-04 15:02:30.627909+07','2024-03-04 15:02:30.627909+07',NULL),
	 (1,46,NULL,'2024-03-04 15:02:30.645095+07','2024-03-04 15:02:30.645095+07',NULL),
	 (1,47,NULL,'2024-03-04 15:02:30.660366+07','2024-03-04 15:02:30.660366+07',NULL),
	 (1,48,NULL,'2024-03-04 15:02:30.675607+07','2024-03-04 15:02:30.675607+07',NULL),
	 (1,49,NULL,'2024-03-04 15:02:30.692166+07','2024-03-04 15:02:30.692166+07',NULL),
	 (2,50,NULL,'2024-03-04 15:02:41.239616+07','2024-03-04 15:02:41.239616+07',NULL),
	 (2,51,NULL,'2024-03-04 15:02:41.253817+07','2024-03-04 15:02:41.253817+07',NULL),
	 (2,52,NULL,'2024-03-04 15:02:41.268088+07','2024-03-04 15:02:41.268088+07',NULL),
	 (2,53,NULL,'2024-03-04 15:02:41.282692+07','2024-03-04 15:02:41.282692+07',NULL),
	 (2,54,NULL,'2024-03-04 15:02:41.299123+07','2024-03-04 15:02:41.299123+07',NULL),
	 (2,55,NULL,'2024-03-04 15:02:51.304924+07','2024-03-04 15:02:51.304924+07',NULL),
	 (2,56,NULL,'2024-03-04 15:02:51.321208+07','2024-03-04 15:02:51.321208+07',NULL),
	 (2,57,NULL,'2024-03-04 15:02:51.337473+07','2024-03-04 15:02:51.337473+07',NULL),
	 (2,58,NULL,'2024-03-04 15:02:51.353157+07','2024-03-04 15:02:51.353157+07',NULL),
	 (2,59,NULL,'2024-03-04 15:02:51.368604+07','2024-03-04 15:02:51.368604+07',NULL),
	 (3,60,NULL,'2024-03-04 15:02:58.804246+07','2024-03-04 15:02:58.804246+07',NULL),
	 (4,61,NULL,'2024-03-04 15:03:06.814089+07','2024-03-04 15:03:06.814089+07',NULL),
	 (5,62,NULL,'2024-03-04 15:03:14.464991+07','2024-03-04 15:03:14.464991+07',NULL),
	 (6,63,NULL,'2024-03-04 15:03:21.440886+07','2024-03-04 15:03:21.440886+07',NULL),
	 (7,64,NULL,'2024-03-04 15:03:28.935293+07','2024-03-04 15:03:28.935293+07',NULL),
	 (8,65,NULL,'2024-03-04 15:03:36.774655+07','2024-03-04 15:03:36.774655+07',NULL),
	 (9,66,NULL,'2024-03-04 15:03:44.442899+07','2024-03-04 15:03:44.442899+07',NULL),
	 (10,67,NULL,'2024-03-04 15:03:52.333182+07','2024-03-04 15:03:52.333182+07',NULL),
	 (10,68,NULL,'2024-03-04 15:03:52.35754+07','2024-03-04 15:03:52.35754+07',NULL),
	 (10,69,NULL,'2024-03-04 15:03:52.391597+07','2024-03-04 15:03:52.391597+07',NULL),
	 (10,70,NULL,'2024-03-04 15:03:52.404846+07','2024-03-04 15:03:52.404846+07',NULL),
	 (11,71,NULL,'2024-03-04 15:03:59.397695+07','2024-03-04 15:03:59.397695+07',NULL),
	 (11,72,NULL,'2024-03-04 15:03:59.409698+07','2024-03-04 15:03:59.409698+07',NULL),
	 (12,73,NULL,'2024-03-04 15:04:16.038096+07','2024-03-04 15:04:16.038096+07',NULL),
	 (12,74,NULL,'2024-03-04 15:04:16.051915+07','2024-03-04 15:04:16.051915+07',NULL),
	 (13,75,NULL,'2024-03-04 15:04:23.735917+07','2024-03-04 15:04:23.735917+07',NULL),
	 (13,76,NULL,'2024-03-04 15:04:23.748101+07','2024-03-04 15:04:23.748101+07',NULL),
	 (14,77,NULL,'2024-03-04 15:04:34.779843+07','2024-03-04 15:04:34.779843+07',NULL),
	 (14,78,NULL,'2024-03-04 15:04:34.788822+07','2024-03-04 15:04:34.788822+07',NULL),
	 (15,79,NULL,'2024-03-04 15:04:42.055161+07','2024-03-04 15:04:42.055161+07',NULL),
	 (15,80,NULL,'2024-03-04 15:04:42.063576+07','2024-03-04 15:04:42.063576+07',NULL),
	 (16,81,NULL,'2024-03-04 15:04:50.843826+07','2024-03-04 15:04:50.843826+07',NULL),
	 (16,82,NULL,'2024-03-04 15:04:50.851721+07','2024-03-04 15:04:50.851721+07',NULL),
	 (17,83,NULL,'2024-03-04 15:04:58.013422+07','2024-03-04 15:04:58.013422+07',NULL),
	 (17,84,NULL,'2024-03-04 15:04:58.021979+07','2024-03-04 15:04:58.021979+07',NULL),
	 (18,85,NULL,'2024-03-04 15:05:04.98896+07','2024-03-04 15:05:04.98896+07',NULL),
	 (18,86,NULL,'2024-03-04 15:05:04.997398+07','2024-03-04 15:05:04.997398+07',NULL),
	 (19,87,NULL,'2024-03-04 15:05:14.174285+07','2024-03-04 15:05:14.174285+07',NULL),
	 (20,88,NULL,'2024-03-04 15:05:22.3915+07','2024-03-04 15:05:22.3915+07',NULL),
	 (21,89,NULL,'2024-03-04 15:05:28.693407+07','2024-03-04 15:05:28.693407+07',NULL),
	 (21,90,NULL,'2024-03-04 15:05:28.702882+07','2024-03-04 15:05:28.702882+07',NULL),
	 (22,91,NULL,'2025-03-04 16:12:20.836556+07','2025-03-04 16:12:20.836556+07',NULL),
	 (22,92,NULL,'2025-03-04 16:12:20.862895+07','2025-03-04 16:12:20.862895+07',NULL),
	 (22,93,NULL,'2025-03-04 16:12:20.884127+07','2025-03-04 16:12:20.884127+07',NULL),
	 (22,94,NULL,'2025-03-04 16:12:20.907616+07','2025-03-04 16:12:20.907616+07',NULL),
	 (22,95,NULL,'2025-03-04 16:12:20.928786+07','2025-03-04 16:12:20.928786+07',NULL),
	 (23,96,NULL,'2025-03-04 16:13:37.797661+07','2025-03-04 16:13:37.797661+07',NULL),
	 (23,97,NULL,'2025-03-04 16:13:37.819099+07','2025-03-04 16:13:37.819099+07',NULL),
	 (23,98,NULL,'2025-03-04 16:13:37.838398+07','2025-03-04 16:13:37.838398+07',NULL),
	 (23,99,NULL,'2025-03-04 16:13:37.858458+07','2025-03-04 16:13:37.858458+07',NULL),
	 (23,100,NULL,'2025-03-04 16:13:37.881323+07','2025-03-04 16:13:37.881323+07',NULL),
	 (24,101,NULL,'2025-03-04 16:14:03.303276+07','2025-03-04 16:14:03.303276+07',NULL),
	 (25,102,NULL,'2025-03-04 16:14:25.642612+07','2025-03-04 16:14:25.642612+07',NULL),
	 (26,103,NULL,'2025-03-04 16:14:33.982544+07','2025-03-04 16:14:33.982544+07',NULL),
	 (27,104,NULL,'2025-03-04 16:15:23.795785+07','2025-03-04 16:15:23.795785+07',NULL),
	 (28,105,NULL,'2025-03-04 16:15:37.763938+07','2025-03-04 16:15:37.763938+07',NULL),
	 (29,106,NULL,'2025-03-04 16:15:50.876208+07','2025-03-04 16:15:50.876208+07',NULL),
	 (29,107,NULL,'2025-03-04 16:15:50.892872+07','2025-03-04 16:15:50.892872+07',NULL),
	 (30,108,NULL,'2025-03-04 16:16:03.310104+07','2025-03-04 16:16:03.310104+07',NULL),
	 (30,109,NULL,'2025-03-04 16:16:03.326584+07','2025-03-04 16:16:03.326584+07',NULL),
	 (31,110,NULL,'2025-03-04 16:16:11.15113+07','2025-03-04 16:16:11.15113+07',NULL),
	 (31,111,NULL,'2025-03-04 16:16:11.166733+07','2025-03-04 16:16:11.166733+07',NULL),
	 (31,112,NULL,'2025-03-04 16:16:11.193443+07','2025-03-04 16:16:11.193443+07',NULL),
	 (31,113,NULL,'2025-03-04 16:16:11.2051+07','2025-03-04 16:16:11.2051+07',NULL),
	 (32,114,NULL,'2025-03-04 16:16:25.569778+07','2025-03-04 16:16:25.569778+07',NULL),
	 (32,115,NULL,'2025-03-04 16:16:25.583256+07','2025-03-04 16:16:25.583256+07',NULL),
	 (33,116,NULL,'2025-03-04 16:16:34.100705+07','2025-03-04 16:16:34.100705+07',NULL),
	 (33,117,NULL,'2025-03-04 16:16:34.117973+07','2025-03-04 16:16:34.117973+07',NULL),
	 (34,118,NULL,'2025-03-04 16:16:43.564275+07','2025-03-04 16:16:43.564275+07',NULL),
	 (34,119,NULL,'2025-03-04 16:16:43.580964+07','2025-03-04 16:16:43.580964+07',NULL),
	 (35,120,NULL,'2025-03-04 16:16:51.923006+07','2025-03-04 16:16:51.923006+07',NULL),
	 (35,121,NULL,'2025-03-04 16:16:51.934451+07','2025-03-04 16:16:51.934451+07',NULL),
	 (36,122,NULL,'2025-03-04 16:17:00.288638+07','2025-03-04 16:17:00.288638+07',NULL),
	 (36,123,NULL,'2025-03-04 16:17:00.301113+07','2025-03-04 16:17:00.301113+07',NULL),
	 (37,124,NULL,'2025-03-04 16:17:08.663529+07','2025-03-04 16:17:08.663529+07',NULL),
	 (37,125,NULL,'2025-03-04 16:17:08.676676+07','2025-03-04 16:17:08.676676+07',NULL),
	 (38,126,NULL,'2025-03-04 16:17:16.99557+07','2025-03-04 16:17:16.99557+07',NULL),
	 (38,127,NULL,'2025-03-04 16:17:17.008697+07','2025-03-04 16:17:17.008697+07',NULL),
	 (39,128,NULL,'2025-03-04 16:17:29.820316+07','2025-03-04 16:17:29.820316+07',NULL),
	 (39,129,NULL,'2025-03-04 16:17:29.834633+07','2025-03-04 16:17:29.834633+07',NULL),
	 (40,130,NULL,'2025-03-04 16:17:39.325161+07','2025-03-04 16:17:39.325161+07',NULL),
	 (40,131,NULL,'2025-03-04 16:17:39.340724+07','2025-03-04 16:17:39.340724+07',NULL),
	 (41,132,NULL,'2025-03-04 16:17:47.24878+07','2025-03-04 16:17:47.24878+07',NULL),
	 (41,133,NULL,'2025-03-04 16:17:47.26534+07','2025-03-04 16:17:47.26534+07',NULL),
	 (42,134,NULL,'2025-03-04 16:17:54.691078+07','2025-03-04 16:17:54.691078+07',NULL),
	 (42,135,NULL,'2025-03-04 16:17:54.704194+07','2025-03-04 16:17:54.704194+07',NULL);
